,Date,Altria
1,2019 7월 ,https://finance.yahoo.com/news/big-tobacco-shifting-smokeless-smoking-103108271.html?guccounter=1&guce_referrer=aHR0cHM6Ly93d3cuZ29vZ2xlLmNvbS8&guce_referrer_sig=AQAAAFBUaGkWbY9ZwS9Jga-kojAknzyyTJLPmlXOXHe7V-antPf2KSMBzEdCoo7ZHyl5Xaasu0R2HZdklmXDqxSGdPeCkmvoyw6tXKzocE--jfdKLk4ftqhRG91Du4IQfow1c_vdCI8UxnhASexFQK7sXahMsyMJzM73c_A-52nzbylt
2,2019 8월,https://finance.yahoo.com/news/4-reasons-philip-morris-international-122500541.html
3,2019 9월,https://finance.yahoo.com/news/3-reasons-altria-investment-cronos-175851896.html
4,2019 10월,https://finance.yahoo.com/news/history-altria-stock-indicates-now-090109611.html
5,2019 11월,NONE
6,2019 12월,NONE
7,2020 1월,https://www.foxbusiness.com/money/ftc-probe-juul-altria-ongoing
8,2020 2월,https://finance.yahoo.com/news/hedge-funds-getting-addicted-altria-204422780.html
9,2020 3월,NONE
10,2020 4월,NONE
11,2020 5월,NONE
12,2020 6월,NONE
13,2020 7월,NONE
14,2020 8월,https://finance.yahoo.com/news/tempted-sell-altria-group-mo-135751204.html
15,,https://finance.yahoo.com/news/altria-exec-leaves-tobacco-industry-172539592.html
16,2020 9월,https://finance.yahoo.com/news/altria-group-mo-stock-remarkably-132724243.html
17,,https://finance.yahoo.com/news/altria-group-mo-good-stock-132229745.html
18,,https://finance.yahoo.com/news/tobacco-transformation-index-finds-most-120000627.html
19,2020 10월,NONE
20,2020 11월,https://finance.yahoo.com/news/insight-big-tobacco-gets-pandemic-140008018.html
21,2020 12월,https://finance.yahoo.com/news/fda-authorizes-sale-iqos-3-204800225.html
22,,https://finance.yahoo.com/news/altria-dividend-king-8-yield-152927267.html
23,,https://finance.yahoo.com/news/mo-good-stock-buy-now-190632507.html
24,2021 1월 ,https://finance.yahoo.com/news/altria-tops-quarterly-revenues-approves-133917277.html
25,2021 2월 ,https://finance.yahoo.com/news/altria-presents-part-consumer-analyst-140000706.html
26,,https://finance.yahoo.com/news/zacks-industry-outlook-highlights-philip-144102886.html
27,,https://finance.yahoo.com/news/altria-group-inc-moodys-rates-161309040.html
28,,https://finance.yahoo.com/news/altria-announces-early-results-upsize-130000567.html
29,2021 3월 ,https://finance.yahoo.com/news/jefferies-raises-altria-target-price-173533489.html
30,2021 4월 ,https://finance.yahoo.com/news/altria-reports-2021-first-quarter-110000499.html
31,,https://finance.yahoo.com/news/oakmark-funds-initiated-position-altria-173605494.html
32,,https://finance.yahoo.com/news/mo-stock-buy-sell-211257186.html
33,2021 5월,https://finance.yahoo.com/news/philip-morris-international-reports-progress-122300448.html
34,,https://finance.yahoo.com/news/altria-holds-2021-annual-meeting-190700443.html
35,2021 6월,https://finance.yahoo.com/news/philip-morris-international-inc-pmi-105900477.html
36,,https://finance.yahoo.com/news/philip-morris-international-inc-pmi-120000781.html
37,,https://seekingalpha.com/news/3701716-altria-likely-to-see-only-upside-as-juul-trial-with-ftc-set-to-start-this-week-analyst-says
38,,https://finance.yahoo.com/news/zacks-industry-outlook-highlights-vector-104510228.html
39,2021 7월,https://news.yahoo.com/strengthening-finances-lead-growth-alexander-160800624.html
40,,https://finance.yahoo.com/news/1-altria-group-sell-ste-125534237.html
41,,https://finance.yahoo.com/news/altria-reports-2021-second-quarter-110000162.html
42,,https://finance.yahoo.com/news/altria-group-nyse-mo-not-044156851.html
43,,https://finance.yahoo.com/news/altria-host-webcast-2021-second-143000853.html
44,,https://finance.yahoo.com/news/philip-morris-end-marlboro-cigarette-113740591.html
45,2021 8월,https://finance.yahoo.com/news/altria-group-mo-great-investment-165815208.html
46,2021 9월,NONE
