Actor_Id,Actor_name
0,María Valverde
1,Dolores Fonzi
2,Guillermo Pfening
3,Emilio Vodanovich
4,Noomi Rapace
5,Aksel Hennie
6,Atle Antonsen
7,Christian Rubeck
8,Halle Berry
9,Stephen McKinley Henderson
10,Adan Canto
11,Lela Loren
12,Susie Amy
13,Tom Beard
14,Hugh Bonneville
15,Annie Cooper
16,PJ McCabe
17,Jim Cummings
18,Virginia Newcomb
19,Kevin Changaris
20,Tomasz Zietek
21,Hubert Milkowski
22,Marek Kalita
23,Adrianna Chlebicka
24,Jaime King
25,Bruce Willis
26,Lala Kent
27,Kelly Greyson
28,Dan Ewing
29,Temuera Morrison
30,Daniel Gillies
31,Lawrence Makoare
32,Michael Dorman
33,Sophia Bush
34,Dermot Mulroney
35,RZA
36,Carlson Young
37,Udo Kier
38,Vinessa Shaw
39,Isabel May
40,Radha Mitchell
41,Thomas Jane
42,Eli Brown
43,Laila Lockhart Kraner
44,Steven Grayhm
45,Rudy Reyes
46,Tamara Austin
47,Lynda Carter
48,Soleil Moon Frye
49,Luke Wilson
50,Shelley Long
51,Kim Yoon-seok
52,In-Sung Jo
53,Joon-ho Huh
54,Kyo-hwan Koo
55,Mark Wahlberg
56,Reid Miller
57,Connie Britton
58,Maxwell Jenkins
59,Tye Sheridan
60,Ana de Armas
61,Helen Hunt
62,John Leguizamo
63,Eddie Murphy
64,Arsenio Hall
65,Shari Headley
66,Jermaine Fowler
67,Pierce Brosnan
68,Tim Roth
69,Nick Cannon
70,Rami Jaber
71,Sope Dirisu
72,Wunmi Mosaku
73,Malaika Wakoli-Abigaba
74,Matt Smith
75,Phyllis Logan
76,Timothy Spall
77,Celyn Jones
78,Grace Calder
79,Paolo Strippoli
80,Matilda Anna Ingrid Lutz
81,Francesco Russo
82,Peppino Mazzotta
83,Will Merrick
84,Ema Horvath
85,Troy Iwata
86,Danny Corbo
87,Mena Suvari
88,Marco D'Amore
89,Maya Sansa
90,Silvio Muccino
91,Valeria Bilello
92,Chloë Grace Moretz
93,Nick Robinson
94,Beulah Koale
95,Taylor John Smith
96,Jesse Plemons
97,Jessie Buckley
98,Toni Collette
99,David Thewlis
100,Niamh Algar
101,Michael Smiley
102,Nicholas Burns
103,Vincent Franklin
104,Gary Oldman
105,Amanda Seyfried
106,Lily Collins
107,Tom Pelphrey
108,Jessica Chastain
109,John Malkovich
110,Common
111,Geena Davis
112,Michael Caine
113,Aubrey Plaza
114,Scott Speedman
115,Ellen Wong
116,Yui Ishikawa
117,Daisuke Namikawa
118,Takehito Koyasu
119,Hidenobu Kiuchi
120,Carly Diamond Stone
121,Carson Grant
122,Nick Dreselly Thomas
123,Massi Furlan
124,Ellen Hollman
125,Matt Passmore
126,Geraldine Singer
127,Stephen Dunlevy
128,Dong-won Gang
129,Lee Jung-hyun
130,Re Lee
131,Hae-hyo Kwon
132,Donnie Yen
133,Nicholas Tse
134,Lan Qin
135,Angus Yeung
136,Emily Blunt
137,Jamie Dornan
138,Jon Hamm
139,Christopher Walken
140,Tessa Thompson
141,Ruth Negga
142,André Holland
143,Bill Camp
144,K.J. Apa
145,Sofia Carson
146,Craig Robinson
147,Bradley Whitford
148,Liam Neeson
149,Kate Walsh
150,Jai Courtney
151,Jeffrey Donovan
152,Ariel Schulman
153,Jamie Foxx
154,Joseph Gordon-Levitt
155,Dominique Fishback
156,Rodrigo Santoro
157,Anna Kendrick
158,Daniel Dae Kim
159,Shamier Anderson
160,Vanessa Kirby
161,Shia LaBeouf
162,Ellen Burstyn
163,Iliza Shlesinger
164,Tilda Swinton
165,Honor Swinton Byrne
166,James Spencer Ashworth
167,Alice McMillan
168,Diane Keaton
169,Kieran Culkin
170,Kimberly Williams-Paisley
171,Florence Pugh
172,Christopher Renz
173,Janelle Monáe
174,Eric Lange
175,Jena Malone
176,Jack Huston
177,Rose Byrne
178,Domhnall Gleeson
179,David Oyelowo
180,James Corden
181,Yoo Ah-in
182,Park Shin-Hye
183,Jeon Bae-soo
184,Hyun-Wook Lee
185,Cailee Spaeny
186,Zoey Luna
187,Gideon Adlon
188,Lovie Simone
189,Armie Hammer
190,Evangeline Lilly
191,Greg Kinnear
192,Lily James
193,Kristin Scott Thomas
194,Keeley Hawes
195,Justin Timberlake
196,Juno Temple
197,Alisha Wainwright
198,Ryder Allen
199,Tara Westwood
200,Junko Bailey
201,David Lawrence Brown
202,Zoe Fish
203,Michael Peña
204,Maggie Q
205,Lucy Hale
206,Austin Stowell
207,Jeon Jong-seo
208,Sung-ryung Kim
209,Lee El
210,Akiko Iwase
211,Kogarashi Wakasugi
212,Johnny Depp
213,Katherine Jenkins
214,John Boyega
215,Olivia Cooke
216,Bill Skarsgård
217,Ed Skrein
218,Tom Holland
219,Chris Pratt
220,Julia Louis-Dreyfus
221,Octavia Spencer
222,Gina Rodriguez
223,Ariana Greenblatt
224,Lucius Hoyos
225,Cody Kearsley
226,Rachel Nichols
227,Kassandra Clementi
228,Tyrese Gibson
229,Christopher Backus
230,Michael Jai White
231,David P. Smith
232,Rachel Bloom
233,Riki Lindhome
234,Robert Forster
235,Chloe East
236,Wayne Knight
237,Martin Sheen
238,Emma Roberts
239,Luke Bracey
240,Kristin Chenoweth
241,Frances Fisher
242,Melissa McCarthy
243,Jason Bateman
244,Bobby Cannavale
245,Kate Winslet
246,Saoirse Ronan
247,Gemma Jones
248,James McArdle
249,Nigel Lindsay
250,Judi Dench
251,Eddie Izzard
252,Jim Broadbent
253,Sean Schoenke
254,Kevin Porter
255,Aaron Schoenke
256,Michael Madsen
257,Doug Jones
258,Kaitlyn Chalmers-Rizzato
259,Adam Brody
260,Kaleb Horn
261,Wendy Crewson
262,Elle-Máijá Tailfeathers
263,Brooklyn Letexier-Hart
264,Alex Tarrant
265,Amanda Plummer
266,Beanie Feldstein
267,Steven Yeun
268,Richard Jenkins
269,June Squibb
270,YaYa Gosselin
271,Pedro Pascal
272,Priyanka Chopra Jonas
273,Lyon Daniels
274,Viggo Mortensen
275,Lance Henriksen
276,Terry Chen
277,Sverrir Gudnason
278,Song Joong-ki
279,Kim Tae-ri
280,Jin Seon-kyu
281,Hae-Jin Yoo
282,Kaho Nakamura
283,Ryô Narita
284,Shôta Sometani
285,Tina Tamashiro
286,Jules Willcox
287,Marc Menchaca
288,Anthony Heald
289,Jonathan Rosenthal
290,Olivia Colman
291,Colin Firth
292,Josh O'Connor
293,Odessa Young
294,George Clooney
295,Felicity Jones
296,Caoilinn Springall
297,Marin Ireland
298,Michael Abbott Jr.
299,Julie Oliver-Touchstone
300,Lynn Andrews
301,Kevin Hart
302,Alfre Woodard
303,Lil Rel Howery
304,DeWanda Wise
305,Daniel Radcliffe
306,Daniel Webber
307,Ian Hart
308,Mark Leonard Winter
309,Katherine Waterston
310,Casey Affleck
311,Christopher Abbott
312,Rachel Sennott
313,Danny Deferrari
314,Fred Melamed
315,Polly Draper
316,Steve Carell
317,Chris Cooper
318,Brent Sexton
319,Kevin Bacon
320,Avery Tiiu Essex
321,Colin Blumenau
322,Morgan Freeman
323,Ruby Rose
324,Patrick Muldoon
325,Nick Vallelonga
326,Fathia Youssouf
327,Médina El Aidi-Azouni
328,Esther Gohourou
329,Ilanah Cami-Goursolas
330,Elle Fanning
331,Justice Smith
332,Alexandra Shipp
333,Kelli O'Hara
334,Tom Hardy
335,Linda Cardellini
336,Matt Dillon
337,Al Sapienza
338,Bianca Haase
339,Brock O'Hurn
340,Michael Vlamis
341,Michelle Randolph
342,Michael Zuccola
343,Caleb J. Spivak
344,Lincoln Hoppe
345,Paul Wuthrich
346,Laxman Utekar
347,Kriti Sanon
348,Evelyn Edwards
349,Pankaj Tripathi
350,Sai Tamhankar
351,Taryn Manning
352,Cory Hardrict
353,Jasmine Burke
354,Roger Dorman
355,Mark Smith
356,Marley Chesham
357,Rose Williams
358,Diveen Henry
359,Sacha Baron Cohen
360,Maria Bakalova
361,Tom Hanks
362,Dani Popescu
363,Constance Wu
364,Will Yun Lee
365,Natasha Liu Bordizzo
366,Bobby Lee
367,Brigitte Kali Canales
368,Andrea Cortés
369,Julia Vera
370,Sal Lopez
371,Léa Seydoux
372,Blanche Gardin
373,Benjamin Biolay
374,Emanuele Arioli
375,Harrison Ford
376,Omar Sy
377,Cara Gee
378,Dan Stevens
379,Azhy Robertson
380,Gillian Jacobs
381,John Gallagher Jr.
382,Winslow Fegley
383,Brian Tyree Henry
384,Jeff Desom
385,Dugan O'Neal
386,Kathy Khanh
387,Julianne Collins
388,Aric Floyd
389,Rory Anne Dahl
390,Robert De Niro
391,Uma Thurman
392,Rob Riggle
393,Oakes Fegley
394,Ben Affleck
395,Al Madrigal
396,Janina Gavankar
397,Michaela Watkins
398,Rupert Friend
399,Violet McGraw
400,Madeline Brewer
401,Mamie Gummer
402,Margaret Qualley
403,Sigourney Weaver
404,Douglas Booth
405,Seána Kerslake
406,Caleb Landry Jones
407,Judy Davis
408,Anthony LaPaglia
409,Phoebe Taylor
410,Seth Rogen
411,Sarah Snook
412,Molly Evensen
413,Eliot Glazer
414,Justin Martin
415,James McAvoy
416,Sharon Horgan
417,Samuel Logan
418,Jack O'Connell
419,Soko
420,Raúl Castillo
421,Kristen Stewart
422,Mackenzie Davis
423,Mary Steenburgen
424,Victor Garber
425,Pablo Schreiber
426,Ryan Findley
427,Cory Ellis
428,Jonathan Rhys Meyers
429,Josie Ho
430,Dominic Monaghan
431,Ralph Ineson
432,Mike Epps
433,Katt Williams
434,Lil Duval
435,Zulay Henao
436,Sophia Lillis
437,Samuel Leakey
438,Alice Krige
439,Jessica De Gouw
440,Robyn Nevin
441,Emily Mortimer
442,Bella Heathcote
443,Steve Rodgers
444,Winston Duke
445,Alan Arkin
446,Camille Sullivan
447,Summer H. Howell
448,Devon Sawa
449,Nick Stahl
450,Kelly Hu
451,Sylvia Kwan
452,Shannen Doherty
453,Patricia Velasquez
454,Filippo Scotti
455,Toni Servillo
456,Teresa Saponangelo
457,Marlon Joubert
458,Will Forte
459,Jason Isaacs
460,Joey King
461,Joel Courtney
462,Jacob Elordi
463,Molly Ringwald
464,Annabelle Wallis
465,Lily-Rose Depp
466,Keira Knightley
467,Matthew Goode
468,Suki Waterhouse
469,Madisen Beaty
470,Inanna Sarkis
471,Ella-Rae Smith
472,Jessica Alba
473,Zac Efron
474,Owen Wilson
475,Salma Hayek
476,Nesta Cooper
477,Jorge Lendeborg Jr.
478,John David Washington
479,Zendaya
480,Jose Zelada
481,Lola Raie
482,Naomi Serrano
483,Dino Andrade
484,Joe Hernandez
485,Jennifer Garner
486,Edgar Ramírez
487,Jenna Ortega
488,Julian Lerner
489,Amy Adams
490,Glenn Close
491,Gabriel Basso
492,Haley Bennett
493,Naga Chaitanya Akkineni
494,Sai Pallavi
495,Devayani
496,Sachin Yadav Iamsyrs
497,Houston Baker
498,Samantha Coolidge
499,Ryan Dalton
500,Cassandra Hayes
501,Ennio Torresan
502,Isabela Merced
503,Marsai Martin
504,Mckenna Grace
505,Walton Goggins
506,Nikolaj Coster-Waldau
507,Caleb Ellsworth-Clark
508,Josh Cruddas
509,Ilana Glazer
510,Justin Theroux
511,Gretchen Mol
512,Sabina Gadecki
513,Danila Kozlovskiy
514,Oksana Akinshina
515,Filipp Avdeev
516,Ravshana Kurkova
517,Mila Kunis
518,Stephen Root
519,Joshua Leonard
520,Ethan Hawke
521,Valerio Mastandrea
522,Cristina Chiriac
523,Babak Karimi
524,Dario Argento
525,Françoise Lebrun
526,Alex Lutz
527,Laurent Aknin
528,Katherine Langford
529,Charlie Plummer
530,Yvonne Orji
531,Hayley Law
532,Diego Boneta
533,Alexandra Daddario
534,Justin Chatwin
535,Wade Allain-Marcus
536,Britney Young
537,Christopher Nicholas Smith
538,Adam Lustick
539,Carla Diaz
540,Gabi Lopes
541,Leonardo Bittencourt
542,Vera Zimmermann
543,Tom Prior
544,Oleg Zagorodnii
545,Diana Pozharskaya
546,Jake Henderson
547,Bella Thorne
548,Benjamin Mascolo
549,Sebastiano Pigazzi
550,Bonnie Baddoo
551,Kelsey Grammer
552,Julia Stiles
553,Colman Domingo
554,Janeane Garofalo
555,Kristin Davis
556,Shanola Hampton
557,Greer Grammer
558,Anson Mount
559,Abbie Cornish
560,Anthony Hopkins
561,David Morse
562,Jennifer Yun
563,Jimmi Simpson
564,Jason Clarke
565,Blake Lively
566,Richard Brake
567,Elly Curtis
568,David Duggan
569,Alison Brie
570,Sheila Vand
571,Jeremy Allen White
572,Sydney Sweeney
573,Madison Iseman
574,Jacques Colimon
575,Ivan Shaw
576,Sheila McCarthy
577,Julian Richings
578,Konstantina Mantelos
579,Justin Long
580,Melanie Lynskey
581,Judy Greer
582,Ryan Phillippe
583,Claudio Santamaria
584,Aurora Giovinazzo
585,Pietro Castellitto
586,Giancarlo Martini
587,Debra Winger
588,Evan Rachel Wood
589,Patricia Belcher
590,Peter Stormare
591,Matt Hookings
592,Alicia Agneson
593,Wagner Moura
594,Brían F. O'Byrne
595,Andi Matichak
596,Emile Hirsch
597,Luke David Blumm
598,Cranston Johnson
599,Hadley Robinson
600,Lauren Tsai
601,Alycia Pascual-Pena
602,Nico Hiraga
603,Michelle Pfeiffer
604,Lucas Hedges
605,Tracy Letts
606,Valerie Mahaffey
607,Angeline Ball
608,Ericka Roe
609,Lauren Larkin
610,Shauna Higgins
611,Isla Fisher
612,Aimee-Ffion Edwards
613,Michele Dotrice
614,Bobby Soto
615,Cinthya Carmona
616,Jose Conejo Martin
617,Masanobu Andô
618,Towa Araki
619,Kasumi Arimura
620,Kentez Asaka
621,Stephanie Sellars
622,Jake Choi
623,Makeda Declet
624,Jeanna Han
625,David Spade
626,Lauren Lapkus
627,Nick Swardson
628,Geoff Pierson
629,Nita-Josee Hanna
630,Owen Myre
631,Matthew Ninaber
632,Steven Vlahos
633,Sarah Gadon
634,Paola Lázaro
635,Billy Crystal
636,Chad Jennings
637,Dierdre Friel
638,Alex Brightman
639,Omari Hardwick
640,Loretta Devine
641,Lorraine Burroughs
642,Hannah Gonera
643,Jay Pickett
644,Gattlin Griffith
645,Mason McNulty
646,Cody Jones
647,Adarsh Gourav
648,Rajkummar Rao
649,Vedant Sinha
650,Nahuel Pérez Biscayart
651,Lars Eidinger
652,Jonas Nay
653,David Schütter
654,Aaron Eckhart
655,Tommy Lee Jones
656,Katheryn Winnick
657,Heather Graham
658,Monique Rockman
659,Carel Nel
660,Alex van Dyk
661,Anthony Oseyemi
662,Liisa Repo-Martell
663,Dylan O'Brien
664,Hannah Gross
665,Donald Burda
666,James Roday Rodriguez
667,Dulé Hill
668,Timothy Omundson
669,Maggie Lawson
670,Ross Stewart
671,Honor Kneafsey
672,Eva Whittaker
673,Sean Bean
674,Simon McBurney
675,Anthony Mackie
676,Damson Idris
677,Enzo Cilenti
678,Emily Beecham
679,Lauren Alaina
680,Tyler Hynes
681,Michael Teigen
682,Lauren K. Robek
683,
684,Julia Wieniawa-Narkiewicz
685,Michal Lupa
686,Wiktoria Gasiewska
687,Stanislaw Cywka
688,Olivia Munn
689,Dennis Boutsikaris
690,Cary Murnion
691,Lulu Wilson
692,Kevin James
693,Joel McHale
694,Robert Maillet
695,Mally Corrigan
696,Katrina Diehm
697,Stephen Kazakoff
698,Aaron Latta-Morissette
699,Kathryn Newton
700,Kyle Allen
701,Jermaine Harris
702,Anna Mikami
703,Joséphine Sanz
704,Gabrielle Sanz
705,Nina Meurisse
706,Stéphane Varupenne
707,Alex Cox
708,Niketa Roman
709,Satish Ratakonda
710,Harper Taylor
711,Scott Adkins
712,Anna Butkevich
713,Yuliia Sobol
714,Fedor Bondarchuk
715,Pyotr Fyodorov
716,Anton Vasilev
717,Jesse Eisenberg
718,Clémence Poésy
719,Matthias Schweighöfer
720,Félix Moati
721,Julien Maury
722,Camille Rowe
723,James Jagger
724,Eric Savin
725,Carolina Massey
726,Robin Wright
727,Demián Bichir
728,Sarah Dawn Pledge
729,Kim Dickens
730,Kingsley Ben-Adir
731,Eli Goree
732,Aldis Hodge
733,Leslie Odom Jr.
734,Stephen Graham
735,Vinette Robinson
736,Alice Feetham
737,Hannah Walters
738,Maddie Ziegler
739,Niles Fitch
740,Will Ropp
741,Amiah Miller
742,Lonnie Chavis
743,Rosario Dawson
744,Gracija Filipovic
745,Danica Curcic
746,Leon Lucev
747,Cliff Curtis
748,Owen Teale
749,Alan David
750,Lynda Baron
751,Jaden Smith
752,Cara Delevingne
753,Cuba Gooding Jr.
754,Chris D'Elia
755,Milena Radulovic
756,Sergey Ivanyuk
757,Nikolay Kovbas
758,Vadim Demchog
759,Ian Nelms
760,Mel Gibson
761,Marianne Jean-Baptiste
762,Chance Hurstfield
763,Simon Pegg
764,Connie Nielsen
765,Chace Crawford
766,Alain Moussi
767,Nicolas Cage
768,Raymond Pinharry
769,Mary Makariou
770,Lucie Zhang
771,Makita Samba
772,Noémie Merlant
773,Jehnny Beth
774,Ploy Sornarin
775,Savika Chaiyadej
776,Theerapat Sajakul
777,Kannaporn Puangtong
778,Amrinder Gill
779,Simi Chahal
780,Nasir Chinyoti
781,Garry Sandhu
782,Taapsee Pannu
783,Vikrant Massey
784,Harshvardhan Rane
785,Aditya Srivastav
786,Rose Reid
787,Jedidiah Goodacre
788,Katherine McNamara
789,Patrick Bergin
790,Tamara Smart
791,Oona Laurence
792,Tom Felton
793,Troy Leigh-Anne Johnson
794,Alicia Sanz
795,Will Patton
796,Zach Avery
797,Megan Fox
798,Philip Winchester
799,Greg Kriek
800,Brandon Auret
801,Katrina Bowden
802,Aaron Jakubenko
803,Kimie Tsukakoshi
804,Tim Kano
805,Chiwetel Ejiofor
806,Anne Hathaway
807,Sonic
808,Andy Garcia
809,Taylor Russell
810,AnnaSophia Robb
811,Sofia Boutella
812,Ismael Cruz Cordova
813,Brooklynn Prince
814,Nell Tiger Free
815,Jude Law
816,Carrie Coon
817,Oona Roche
818,Charlie Shotwell
819,Mitchell McCormick
820,Tom Anniko
821,Dylan Penn
822,Regina King
823,Naomi Watts
824,Griffin Murray-Johnston
825,Andrew Lincoln
826,Essi Murray-Johnston
827,Brenton Thwaites
828,Kyle Gallner
829,Alan Ritchson
830,Theo Rossi
831,Ammy Virk
832,Sargun Mehta
833,Tania
834,Amrit Amby
835,Anamaria Vartolomei
836,Kacey Mottet Klein
837,Luàna Bajrami
838,Louise Orry-Diquéro
839,Scout Taylor-Compton
840,Stuart Townsend
841,Ed Morrone
842,Hilary Swank
843,Michael Ealy
844,Mike Colter
845,Damaris Lewis
846,James Norton
847,Daniel Lamont
848,Eileen O'Higgins
849,Valerie O'Connor
850,Tom Skerritt
851,Mira Sorvino
852,Annie Gonzalez
853,Wally Dalton
854,Sidney Flanigan
855,Talia Ryder
856,Théodore Pellerin
857,Eliazar Jimenez
858,Sara Canning
859,Osric Chau
860,Gracie Gillam
861,Barbara Crampton
862,Fabrizio Rongione
863,Stéphanie Cléau
864,Elli Medeiros
865,Alexandre Trocki
866,Bill Murray
867,Rashida Jones
868,Marlon Wayans
869,Jessica Henwick
870,Fin Argus
871,Neve Campbell
872,Sabrina Carpenter
873,Gijs Naber
874,Louis Garrel
875,Sergio Rubini
876,Marcos Ruiz
877,Begoña Vargas
878,Chechu Salgado
879,Xavier Martín
880,Meryl Streep
881,Gemma Chan
882,Dianne Wiest
883,Christopher Fitzgerald
884,Kyle Vahan
885,Anna Campbell
886,Jerry Bell Jr.
887,Jason Reynolds
888,Megan Purvis
889,Sarah T. Cohen
890,Abi Casson Thompson
891,Derek Nelson
892,Aaron Glenane
893,Kodi Smit-McPhee
894,Ryan Kwanten
895,Finn Little
896,Eric André
897,Michaela Conlin
898,Tiffany Haddish
899,Josh Duhamel
900,Katharine Isabelle
901,Petrina Bromley
902,Jenn Colella
903,De'Lon Grant
904,Joel Hatch
905,MASUMI
906,Tsuyoshi Ihara
907,Ricardo Gelli
908,Katsuichi Nakayama
909,Kazuya Tsurumaki
910,Hideaki Anno
911,Megumi Ogata
912,Megumi Hayashibara
913,Yûko Miyamura
914,Akira Ishida
915,Ferdia Shaw
916,Lara McDonnell
917,Josh Gad
918,Annie Hardy
919,Amar Chadha-Patel
920,Angela Enahoro
921,Seylan Baxter
922,Frances Sholto-Douglas
923,Mila Rayne
924,Alex McGregor
925,Pierre Niney
926,Lou de Laâge
927,André Dussollier
928,Sébastien Pouderoux
929,Jean-Claude Van Damme
930,Alban Ivanov
931,Samir Decazza
932,Assa Sylla
933,Yahya Mahayni
934,Dea Liane
935,Koen De Bouw
936,Monica Bellucci
937,Fedor Fedotov
938,Sonya Priss
939,Yuriy Borisov
940,Kirill Zaytsev
941,Shiloh Fernandez
942,Val Kilmer
943,Ewan McGregor
944,William Fichtner
945,Wallace Shawn
946,Michael Garvey
947,Damian Chapa
948,Bobby Slayton
949,Marcus Bessa
950,Caio Cabral
951,Klara Castanho
952,Leo Cidade
953,Neal McDonough
954,Brett Tutor
955,Jose Rosete
956,David Haverty
957,Ryder McLaughlin
958,Miranda Cosgrove
959,Mikey Alfred
960,Blake Anderson
961,Ralph Fiennes
962,Abbey Lee
963,Britt Robertson
964,Freda Foh Shen
965,Nicholas Campbell
966,Anna Friel
967,Dominic Di Tommaso
968,Lena Headey
969,Sally Collett
970,Takeru Satoh
971,Shin'nosuke Abe
972,Yû Aoi
973,Munetaka Aoki
974,Takehiro Hira
975,Carice van Houten
976,Andrew Rothney
977,Viola Davis
978,Chadwick Boseman
979,Glynn Turman
980,Shea Whigham
981,Michael Shannon
982,Catalina Sandino Moreno
983,Kea Peahu
984,Alex Aiono
985,Lindsay Watson
986,Owen Vaccaro
987,Abigail Cowen
988,Elizabeth Mitchell
989,Echo Campbell
990,Gugu Mbatha-Raw
991,Jennifer Carpenter
992,Ike Amadi
993,Artt Butler
994,Christina Milian
995,Tymberlee Hill
996,Kayne Lee Harrison
997,Ruth Nadler-Nir
998,Amir Jadidi
999,Mohsen Tanabandeh
1000,Fereshteh Sadre Orafaiy
1001,Sarina Farhadi
1002,Kaye Tuckerman
1003,Timothy J. Alex
1004,Eddie Beveridge
1005,Aubin Bradley
1006,Justin Powell
1007,Ezra Dewey
1008,Kristin Bauer van Straten
1009,Micah Hauptman
1010,Joaquim de Almeida
1011,Goran Visnjic
1012,Stephanie Gil
1013,Alejandra Howard
1014,Zaria Kelley
1015,Corinne Massiah
1016,Elle Lorraine
1017,Moses Storm
1018,Gary Green
1019,Chanelle de Jager
1020,Brett Williams
1021,Joey Cramer
1022,Tim Hill
1023,Clancy Brown
1024,Bill Fagerbakke
1025,Rodger Bumpass
1026,Seidi Haarla
1027,Yuliya Aug
1028,Dinara Drukarova
1029,Daryl Wein
1030,Zoe Lister-Jones
1031,Whitney Cummings
1032,Tawny Newsome
1033,Elisabeth Moss
1034,Michael Stuhlbarg
1035,Logan Lerman
1036,Delroy Lindo
1037,Jonathan Majors
1038,Clarke Peters
1039,Norm Lewis
1040,Rakel Lenora Fløttum
1041,Alva Brynsmo Ramstad
1042,Sam Ashraf
1043,Mina Yasmin Bremseth Asheim
1044,Jasna Djuricic
1045,Izudin Bajrovic
1046,Boris Ler
1047,Dino Bajrovic
1048,Jeffrey Dean Morgan
1049,Famke Janssen
1050,Cush Jumbo
1051,Joachim Król
1052,Julia Sarah Stone
1053,Landon Liboiron
1054,Carlee Ryski
1055,Christopher Heatherington
1056,Jane Curtin
1057,Ann-Margret
1058,Channing Tatum
1059,Jason Mantzoukas
1060,Bobby Moynihan
1061,Mickey Rourke
1062,Tonia Sotiropoulou
1063,Alexander Petrov
1064,Aris Servetalis
1065,Jessica McNamee
1066,Luke Mitchell
1067,Amali Golden
1068,Benjamin Hoetjes
1069,Clayne Crawford
1070,Sepideh Moafi
1071,Chris Coy
1072,Avery Pizzuto
1073,Chad Michael Murray
1074,Aly Michalka
1075,Clare Bowen
1076,Glynnis O'Connor
1077,Andrew Garfield
1078,Maya Hawke
1079,Nat Wolff
1080,Kalena Yiaueki
1081,Ben O'Toole
1082,Meg Fraser
1083,Caroline Craig
1084,Matthew Sunderland
1085,Patti Harrison
1086,Ed Helms
1087,Rosalind Chao
1088,Timm Sharp
1089,Sadie Katz
1090,Randy Wayne
1091,Lily Anthonissen
1092,Greg Travis
1093,Michael C. Hall
1094,Jennifer Ehle
1095,Taissa Farmiga
1096,Lindsey Morgan
1097,Jonathan Howard
1098,Daniel Bernhardt
1099,Rhona Mitra
1100,Franz Rogowski
1101,Georg Friedrich
1102,Anton von Lucke
1103,Thomas Prenn
1104,Joe Keery
1105,Sasheer Zamata
1106,David Arquette
1107,Kyle Mooney
1108,Kristen Vaganos
1109,Jennifer Seward
1110,Manon Halliburton
1111,Carmen Anello
1112,Dave Bautista
1113,Chloe Coleman
1114,Parisa Fitz-Henley
1115,Kristen Schaal
1116,Simon Wesely
1117,Matthew Dougan
1118,Coby Gilyard
1119,Isabelle Scheuermann
1120,Antonia Joy Speer
1121,Maisie Williams
1122,Sylvester McCoy
1123,Rita Tushingham
1124,Jake Curran
1125,Park Bo-Gum
1126,Gong Yoo
1127,Jang Young-Nam
1128,Woo-jin Jo
1129,Holland Roden
1130,Jake Hays
1131,Lin Shaye
1132,Luke Hemsworth
1133,Alex Essoe
1134,Kat Ingkarat
1135,D'Arcy Drollinger
1136,Matthew Martin
1137,Seton Brown
1138,Manuel Caneri
1139,Amy Ryan
1140,Thomasin McKenzie
1141,Gabriel Byrne
1142,Lola Kirke
1143,Katie Holmes
1144,Josh Lucas
1145,Celia Weston
1146,Jerry O'Connell
1147,Tiera Skovbye
1148,Madeleine Sims-Fewer
1149,Anna Maguire
1150,Jesse LaVercombe
1151,Obi Abili
1152,Dennis Quaid
1153,Jimmy Gonzales
1154,Miguel Angel Garcia
1155,Anthony Gonzalez
1156,Martijn Lakemeier
1157,Marwan Kenzari
1158,Jonas Smulders
1159,Abel van Gijlswijk
1160,Annie Clark
1161,St. Vincent
1162,Ezra Buzzington
1163,Toko Yasuda
1164,Craig Ferguson
1165,Kathie Lee Gifford
1166,Ford Kiernan
1167,Phyllida Law
1168,Andra Day
1169,Trevante Rhodes
1170,Garrett Hedlund
1171,Natasha Lyonne
1172,Paul Bettany
1173,Peter Macdissi
1174,Steve Zahn
1175,Keegan Allen
1176,Denzel Whitaker
1177,Ronen Rubinstein
1178,Priyanka Bose
1179,Iben Akerlie
1180,Oddrun Valestrand
1181,Lucas Till
1182,Jim Klock
1183,Michael Sirow
1184,Jake Abel
1185,Lee Jehoon
1186,Jae-hong Ahn
1187,Woo-sik Choi
1188,Jeong Min Park
1189,Victoria Justice
1190,Matthew Daddario
1191,Lucien Laviscount
1192,Riz Ahmed
1193,Rory Cochrane
1194,Bruce Dern
1195,Ben Whishaw
1196,Ellie Haddington
1197,Hammed Animashaun
1198,Chris Coghill
1199,Suzanne Wind
1200,Frank Grillo
1201,Alice Englert
1202,Samone James
1203,Ben Caplan
1204,Jonathan French
1205,Leila Sykes
1206,Inma Pavon
1207,John Kahrs
1208,Glen Keane
1209,Brycen Hall
1210,Ruthie Ann Miles
1211,John Cho
1212,Yoshi Sudarso
1213,Andy Le
1214,Ron Yuan
1215,Jae Suh Park
1216,Nicole Kidman
1217,Kerry Washington
1218,Kaitlyn Leeb
1219,Victor Zinck Jr.
1220,Melinda Shankar
1221,Kayla Isabelle Balan
1222,Lee Sung-min
1223,Park Hae-joon
1224,Kim Yoo-jeong
1225,Nam Da-reum
1226,Naian González Norvind
1227,Fernando Cuautle
1228,Samantha Yazareth Anaya
1229,Allison Williams
1230,Alexander Dreymon
1231,Keith David
1232,Pearl Mackie
1233,Michael Aaron Carico
1234,Gracie Lacey
1235,Paul Hayes
1236,Daniel Wilkinson
1237,Zazie Beetz
1238,Benedict Wong
1239,Tony Hale
1240,Nick Riedell
1241,Jackie Cruz
1242,Stormi Maya
1243,Adhir Kalyan
1244,Jennifer Coolidge
1245,Linda Evans
1246,Michael Urie
1247,Rodolfo Sancho
1248,Ana Fernández
1249,Ramón Barea
1250,Belén Fabra
1251,Javier Bardem
1252,Almudena Amor
1253,Manolo Solo
1254,María de Nati
1255,Francisco Ruiz-Velasco
1256,Andrew L. Schmidt
1257,Steve Alterman
1258,Kay Bess
1259,Brian Blessed
1260,Vic Chao
1261,Evan Marsh
1262,Amber Goldfarb
1263,Ari Millen
1264,Mamoudou Athie
1265,Phylicia Rashad
1266,Amanda Christine
1267,Tosin Morohunfola
1268,William Shatner
1269,Jean Smart
1270,Don McManus
1271,Karole Rocher
1272,Garance Marillier
1273,Roschdy Zem
1274,Pierre Deladonchamps
1275,Rosie Perez
1276,Willem Dafoe
1277,David Zayas
1278,Kate Bosworth
1279,Freddie Highmore
1280,Thomas Brodie-Sangster
1281,Patrick Stewart
1282,Billy Magnussen
1283,Peter Sarsgaard
1284,Danny DeVito
1285,Vicky Krieps
1286,Dakota Johnson
1287,Tracee Ellis Ross
1288,Kelvin Harrison Jr.
1289,Bill Pullman
1290,Tae-goo Eom
1291,Jeon Yeo-bin
1292,Seung-Won Cha
1293,Dong-in Cho
1294,Larry Fessenden
1295,Bonnie Aarons
1296,Nyisha Bell
1297,Yolanda Kettle
1298,Micheál Richardson
1299,Souad Faress
1300,Rafe Spall
1301,Zahra Newman
1302,Ronny Chieng
1303,Dena Kaplan
1304,Barry Pepper
1305,Colm Feore
1306,Eve Harlow
1307,Carlo Rota
1308,Gary Dourdan
1309,Serinda Swan
1310,Brice Bexter
1311,Tikhon Zhiznevskiy
1312,Lyubov Aksyonova
1313,Sergei Goroshko
1314,Aleksey Maklakov
1315,Joey Lawrence
1316,Jennifer Field
1317,Andy Lauer
1318,Brett Hargrave
1319,Aparshakti Khurana
1320,Abhishek Banerjee
1321,Ashish Verma
1322,Pranutan Bahl
1323,Anders Ølholm
1324,Jacob Lohmann
1325,Simon Sears
1326,Tarek Zayat
1327,Dulfi Al-Jabouri
1328,Guy Pearce
1329,Vadhir Derbez
1330,Stephen Lang
1331,Brady Jenness
1332,Jack Rowan
1333,Nigel O'Neill
1334,Louisa Harland
1335,Michael Hough
1336,Juliet Aubrey
1337,Anna Brewster
1338,Gabrielle Cassi
1339,James D'Arcy
1340,Kyle McConaghy
1341,Nick Heyman
1342,Sterling Macer Jr.
1343,Sarah Dumont
1344,Robert Miano
1345,Molly Shannon
1346,Goldenite
1347,Stella Chestnut
1348,Fra Fee
1349,Rory Fleck Byrne
1350,Pat Shortt
1351,Eva Habermann
1352,George Hardy
1353,Greg Sestero
1354,Jason Douglas
1355,Ulrich Thomsen
1356,Zaki Youssef
1357,Sofie Torp
1358,Anders Matthesen
1359,András Korcsmáros
1360,Kata Kuna
1361,Eric Roberts
1362,Péter Inoka
1363,Valeria Golino
1364,Riccardo Scamarcio
1365,Jasmine Trinca
1366,Valentina Cervi
1367,Kate Hudson
1368,Mary Kay Place
1369,Bridget Smith
1370,Michael Lombardi
1371,Joseph Gatt
1372,Katie Kelly
1373,Desiree Connell
1374,Zach Galligan
1375,J. Gaven Wilde
1376,Corey Taylor
1377,Derek Russo
1378,Kotone Furukawa
1379,Kiyohiko Shibukawa
1380,Katsuki Mori
1381,Fusako Urabe
1382,Jessica Rothe
1383,Josh Whitehouse
1384,Jessie Ennis
1385,Ashleigh Murray
1386,Leah Lewis
1387,Daniel Diemer
1388,Alexxis Lemire
1389,Wolfgang Novogratz
1390,Allison Janney
1391,Regina Hall
1392,Awkwafina
1393,Brandon Flynn
1394,Tom Proctor
1395,Annie Mumolo
1396,Peter Scolari
1397,Drew Barrymore
1398,Sarah Jes Austell
1399,Michael Zegen
1400,T.J. Miller
1401,Lana Condor
1402,Noah Centineo
1403,Janel Parrish
1404,Anna Cathcart
1405,Dixie Egerickx
1406,Richard Hansell
1407,David Verrey
1408,Tommy Gene Surridge
1409,Jackie Chan
1410,Yang Yang
1411,Lun Ai
1412,Miya Muqi
1413,Jolene Andersen
1414,Alice Dwyer
1415,Hanns Zischler
1416,Susan Angelo
1417,Tyler Posey
1418,Summer Spiro
1419,Donald Sutherland
1420,Robert Ri'chard
1421,Arya
1422,Pasupathy
1423,John Kokken
1424,Shabeer Kallarakkal
1425,Harry Shum Jr.
1426,Marielle Scott
1427,Chrissie Fit
1428,Colin Farrell
1429,Jodie Turner-Smith
1430,Justin H. Min
1431,Malea Emma Tjandrawidjaja
1432,Milo Manheim
1433,Meg Donnelly
1434,Trevor Tordjman
1435,Kylee Russell
1436,Annika Marks
1437,Jenny O'Hara
1438,Jane Kaczmarek
1439,Betsy Brandt
1440,Saskia Hampele
1441,Liam McIntyre
1442,Lynn Gilmartin
1443,James Blee
1444,Jon Erwin
1445,Nathan Parsons
1446,Gary Sinise
1447,Tom Burke
1448,Ellie Bamber
1449,Antonia Campbell-Hughes
1450,Babou Ceesay
1451,Gaia Weiss
1452,Peter Franzén
1453,Romane Libert
1454,Frédéric Franchitti
1455,Christopher Convery
1456,Owain Yeoman
1457,Sam Claflin
1458,Freida Pinto
1459,Eleanor Tomlinson
1460,Drew Fortier
1461,James L. Edwards
1462,Douglas Esper
1463,Omar Baig
1464,Samuel L. Jackson
1465,Nicholas Hoult
1466,Nia Long
1467,Irina Starshenbaum
1468,Rinal Mukhametov
1469,Simon Phillips
1470,Michael Swatton
1471,Julie Mainville
1472,Anne-Carolyne Binette
1473,Dashiell Derrickson
1474,Atticus Derrickson
1475,Aiden Meade
1476,Asher Bishop
1477,David Tennant
1478,Michelle Gomez
1479,Jill Talley
1480,Gregg Sulkin
1481,Jeff Garlin
1482,Vanessa Marano
1483,Bug Hall
1484,Johnny Sachon
1485,Lottie Tolhurst
1486,Michael Condron
1487,Brian Bovell
1488,Madelyn Cline
1489,Chase Vacnin
1490,River Alexander
1491,Charles Massey
1492,Celia Rocha
1493,John Pirkis
1494,Noel Czuczor
1495,Peter Ondrejicka
1496,John Hannah
1497,Wojciech Mecwaldowski
1498,Clemens Berndorff
1499,Samuel Finzi
1500,Gerhard Flödl
1501,Luisa-Céline Gaffron
1502,Sidse Babett Knudsen
1503,Kenneth Collard
1504,Amir El-Masry
1505,Vikash Bhai
1506,Pio Marmaï
1507,Vimala Pons
1508,Benoît Poelvoorde
1509,Leïla Bekhti
1510,Courtney Loggins
1511,Ruben Pla
1512,Tarkan Dospil
1513,Joston Theney
1514,Haley Lu Richardson
1515,Barbie Ferreira
1516,Giancarlo Esposito
1517,Alex MacNicoll
1518,Regina
1519,Tzu-Chiang Wang
1520,Berant Zhu
1521,Ruth Wilson
1522,Andrew Scott
1523,Karel Dobrý
1524,Tobias Zilliacus
1525,Lacey Chabert
1526,Gregory Harrison
1527,Jesse Moss
1528,Sadie Stanley
1529,Maxwell Simkins
1530,Cree Cicchino
1531,Lucas Jaye
1532,Maggie Grace
1533,Jeremy Irons
1534,Kimberly Howe
1535,Allan Mustafa
1536,Hugo Chegwin
1537,Steve Stamp
1538,Asim Chaudhry
1539,Heather Craney
1540,Stephen Rashbrook
1541,James Wilby
1542,Karan Soni
1543,John Jack
1544,Vanessa Hudgens
1545,Sam Palladio
1546,Mark Fleischmann
1547,Zach Aguilar
1548,Sora Amamiya
1549,Brian Timothy Anderson
1550,Chris Cason
1551,Sierra McCormick
1552,Pat Healy
1553,Lisette Alexis
1554,Natalie Rose
1555,Terri Purchase
1556,Nicole Sharrock
1557,Kenneth Trujillo
1558,Kiko Mizuhara
1559,Honami Satô
1560,Shinya Niiro
1561,Shunsuke Tanaka
1562,Matthew McManus
1563,Chris Sheffield
1564,Michaela McManus
1565,Neville Archambault
1566,Ryan O'Flanagan
1567,Félix-Antoine Duval
1568,Tania Kontoyanni
1569,Alexandra Petrachuk
1570,Angèle Coutu
1571,Gitte Witt
1572,Thomas Gullestad
1573,Thorbjørn Harr
1574,Maria Grazia Di Meo
1575,Cooper Raiff
1576,Dylan Gelula
1577,Amy Landecker
1578,Logan Miller
1579,Lili Reinhart
1580,Austin Abrams
1581,Sarah Jones
1582,Geraldine Viswanathan
1583,Dacre Montgomery
1584,Utkarsh Ambudkar
1585,Molly Gordon
1586,Robert Laenen
1587,Aqeel Ash-Shakoor
1588,Aaron Matthew Atkisson
1589,Roe Dayzon
1590,Alison Maccherone Gomez
1591,Paula Lauzon
1592,Deon Green
1593,Kurt Russell
1594,Goldie Hawn
1595,Darby Camp
1596,Julian Dennison
1597,Cory Evans
1598,Rob Lodermeier
1599,Maya Rudolph
1600,Alessia Cara
1601,Terry Crews
1602,Javier Cámara
1603,Nicolás Reyes Cano
1604,Juan Pablo Urrego
1605,Patricia Tamayo
1606,Raquel Aedo
1607,Diego Aragón
1608,Luis Arrieta
1609,Eduardo Arroyuelo
1610,Idris Elba
1611,Caleb McLaughlin
1612,Lorraine Toussaint
1613,Jharrel Jerome
1614,Terrell Angelo
1615,Tony Azzaro
1616,Richard Baylor
1617,Angela Brown
1618,Jim Rash
1619,Will Ferrell
1620,Zach Woods
1621,Zoe Chao
1622,Philippe Tlokinski
1623,Esther Garrel
1624,Sam Keeley
1625,Joel Basman
1626,Denis Podalydès
1627,Emmanuelle Devos
1628,Anouk Grinberg
1629,Kerry Bishé
1630,Natalie Zea
1631,Megha Akash
1632,Ravi Babu
1633,Tanikella Bharani
1634,Aruna Bikshu
1635,Alyvia Alyn Lind
1636,Skyler Samuels
1637,Mircea Monroe
1638,Michael Trucco
1639,Robyn Lively
1640,Bethany Anne Lind
1641,Tania Raymonde
1642,Nathaniel Buzolic
1643,Emerson Brooks
1644,Bren Foster
1645,Magnus Krepper
1646,Marika Lagercrantz
1647,Simon Mezher
1648,Mustapha Aarab
1649,Teo García
1650,Óscar Jaenada
1651,Óscar Casas
1652,Andrea Duro
1653,Anne Heche
1654,Jason Patric
1655,Alex Haydon
1656,Javier Gutiérrez
1657,Karra Elejalde
1658,Luis Callejo
1659,Andrés Gertrúdix
1660,Eve Hewson
1661,Eli A. Smith
1662,Josh Hamilton
1663,Charlotte Kirk
1664,Sean Pertwee
1665,Steven Waddington
1666,Joe Anderson
1667,Nithiin
1668,Tamannaah Bhatia
1669,Nabha Natesh
1670,V.K. Naresh
1671,Tobin Bell
1672,Chester Rushing
1673,Erin Sanders
1674,Bruna Carvalho
1675,Kauan Ceglio
1676,Julian Sands
1677,Kate Phillips
1678,Jack Lowden
1679,Peter Capaldi
1680,Kevin Quinn
1681,Bailee Madison
1682,Jahbril Cook
1683,Kat Conner Sterling
1684,Gemma Arterton
1685,Penelope Wilton
1686,Tom Courtenay
1687,Ali Liebert
1688,Vera Graziadei
1689,Troy Ruptash
1690,Ryan Northcott
1691,Jake Allyn
1692,Jorge A. Jimenez
1693,Andie MacDowell
1694,Issey Takahashi
1695,Masahiro Higashide
1696,Ryôta Bandô
1697,Remy Ma
1698,Durrell 'Tank' Babbs
1699,Pretty Vee
1700,Marquita Goings
1701,Romane Denis
1702,Brett Donahue
1703,Sehar Bhojani
1704,Kenny Wong
1705,Félix Lefebvre
1706,Benjamin Voisin
1707,Philippine Velge
1708,Valeria Bruni Tedeschi
1709,Carter Thomas
1710,Ava Fillery
1711,Jonathan Garcia
1712,Yilong Zhu
1713,Zhi-zhong Huang
1714,Shu Chen
1715,Junyan Jiao
1716,Jazmín Abuín
1717,JB Blanc
1718,Thomas Bromhead
1719,Alex Cartañá
1720,Maria Popistasu
1721,Ilona Brezoianu
1722,Alex Bogdan
1723,Luca Sabin
1724,Adam Xander Angelides
1725,Ivy Amelia Angelides
1726,Lois Brabin-Platt
1727,Henri Charles
1728,Phoebe Sparrow
1729,Daisy Aitkens
1730,Simon Dwyer-Thomas
1731,Alastair Kirton
1732,Kane Croudace
1733,J.K. Simmons
1734,Patrick Warburton
1735,Sharlto Copley
1736,Joel Kinnaman
1737,Chris Messina
1738,Jackson Dean Vincent
1739,Nanna Blondell
1740,Anastasios Soulis
1741,Johannes Kuhnke
1742,Thomas Hanzon
1743,Jim Parsons
1744,Zachary Quinto
1745,Matt Bomer
1746,Andrew Rannells
1747,Laura Osnes
1748,Juan Pablo Di Pace
1749,Matthew James Dowden
1750,Eric Keenleyside
1751,Dominique Pinon
1752,Tomasz Kot
1753,Marta Nieto
1754,Athena Strates
1755,Jake Johnson
1756,Susan Sarandon
1757,D'Arcy Carden
1758,Jing Wu
1759,Zheng Xu
1760,Ziyi Zhang
1761,Teng Shen
1762,Sam Hazeldine
1763,Tom Goodman-Hill
1764,Kris Hitchen
1765,Elliot James Langridge
1766,Elio Germano
1767,Leonardo Lidi
1768,Matilda De Angelis
1769,Tom Wlaschiha
1770,Rachel Brosnahan
1771,Marsha Stephanie Blake
1772,Arinzé Kene
1773,Jameson Charles
1774,Dorota Swies
1775,Adrienne Barbeau
1776,Marc Blucas
1777,Allison McAtee
1778,Brooke Sorenson
1779,Frank Lammers
1780,Elise Schaap
1781,Huub Stapel
1782,Raymond Thiry
1783,Vasilis Magouliotis
1784,Anton Weil
1785,Pier Andrea Bosna
1786,Vassilis Dimitroulias
1787,David Vaughn
1788,Irina Abraham
1789,Devin Fuller
1790,Dean Cain
1791,Charlotte Best
1792,Jonny Pasvolsky
1793,Karelina Clarke
1794,Susan Prior
1795,Stana Katic
1796,Omid Abtahi
1797,Geoffrey Arend
1798,Kim Seong-gyoon
1799,Kwang-Soo Lee
1800,Hye-jun Kim
1801,Machine Gun Kelly
1802,Sam Worthington
1803,Rebecca Romijn
1804,Isabel Bassett
1805,Michael Johnston
1806,Sam Rockwell
1807,Bryan Cranston
1808,Phillipa Soo
1809,Chaka Khan
1810,Kaya Kiyohara
1811,Taishi Nakagawa
1812,Matsutera Chiemi
1813,Kengo Kawanishi
1814,Marcus Scribner
1815,Karan Brar
1816,Denise Gough
1817,Steven Cree
1818,Hannah Rae
1819,Anastasia Hille
1820,Rasmus Bjerg
1821,Bjørn Sundquist
1822,Sofie Gråbøl
1823,Andreja Pejic
1824,Gavin Rossdale
1825,Libby Mintz
1826,Jack Kesy
1827,Conor Leslie
1828,Ron Funches
1829,Luna Wedler
1830,Jannis Niewöhner
1831,Milan Peschel
1832,Edin Hasanovic
1833,Colin Mochrie
1834,Heidi von Palleske
1835,Matia Jackett
1836,Alex Gordon
1837,Madeline Quinn
1838,Betsey Brown
1839,Stephen Gurewitz
1840,Dasha Nekrasova
1841,Erin Krakow
1842,Giles Panton
1843,Elysia Rotaru
1844,Louise Linton
1845,Ed Westwick
1846,Shuya Chang
1847,Jimmy Dinh
1848,José Zúñiga
1849,Luis Gerardo Méndez
1850,Vincent Spano
1851,Connor Del Rio
1852,Murathan Muslu
1853,Liv Lisa Fries
1854,Marc Limpach
1855,Max von der Groeben
1856,Michael Greyeyes
1857,Chaske Spencer
1858,Nick Purcha
1859,Carlos Joe Costa
1860,Camila Mendes
1861,Briana Skye
1862,Molly McCann
1863,Clare Dunne
1864,Ruby Rose O'Hara
1865,Ian Lloyd Anderson
1866,Gopichand
1867,Digangana Suryavanshi
1868,Tarun Arora
1869,Ali Suliman
1870,Anna Unterberger
1871,Lana Zreik
1872,Gassan Abbas
1873,Madelaine Petsch
1874,Alexander Koch
1875,Deniz Akdeniz
1876,Matthew Yang King
1877,Isabella Gomez
1878,Lindsay LaVanchy
1879,Froy Gutierrez
1880,James Berardo
1881,Yuliya Vysotskaya
1882,Vladislav Komarov
1883,Andrey Gusev
1884,Yuliya Burova
1885,Zhang Junyi
1886,Hao Ou
1887,Xiaoguang Hu
1888,Malin Akerman
1889,Kat Dennings
1890,Jack Donnelly
1891,Aisha Tyler
1892,Nasim Pedrad
1893,Anna Camp
1894,Lamorne Morris
1895,Sarah Burns
1896,Dorothy Adams
1897,Trudy Ager
1898,Simone Annan
1899,Kerry Armstrong
1900,Vijay Raghavendra
1901,Sathwik Hebbar
1902,Bindu Raxidi
1903,Hanumanthu Ameenagada
1904,Lucie Debay
1905,Arieh Worthalter
1906,Ciaran O'Brien
1907,Ryan Brodie
1908,Johnny Flynn
1909,Marc Maron
1910,Derek Moran
1911,Peyton Elizabeth Lee
1912,Isabella Blake-Thomas
1913,Olivia Deeble
1914,Michael Rooker
1915,Elaine Cassidy
1916,Jerome Flynn
1917,Joana Ribeiro
1918,Boosie Badazz
1919,Jay Cooper
1920,NightLyfe Dtone
1921,Cheri Graham
1922,Roger Guenveur Smith
1923,Deborah Cox
1924,Kellita Smith
1925,Drew Sidora
1926,Blanca Portillo
1927,Luis Tosar
1928,María Cerezuela
1929,Urko Olazabal
1930,Giuseppe Maggio
1931,Ludovica Francesconi
1932,Eleonora Gaggero
1933,Gaja Masciale
1934,Erica Wessels
1935,Hlubi Mboya
1936,Leshego Molokwane
1937,Nomvelo Makhanya
1938,Anson Boon
1939,Charlie Murphy
1940,Emma Mackey
1941,Michael McElhatton
1942,Trine Dyrholm
1943,Søren Malling
1944,Morten Hee Andersen
1945,Jakob Oftebro
1946,Lizbeth Eden
1947,Marii Weichsler
1948,Julia Koschitz
1949,Leon Orlandianyi
1950,Nathalie Kelley
1951,Colin Donnell
1952,Patti Murin
1953,Davy Eduard King
1954,Pamela MacDonald
1955,Sonia Laplante
1956,Nayo
1957,Seo Ye-Ji
1958,Kang-woo Kim
1959,Yoo-ram Bae
1960,Park Bom
1961,Biljana Cekic
1962,Zlatan Vidovic
1963,Anja Stanic
1964,Luka Saranovic
1965,Emma-Leigh Cullum
1966,Elizabeth Saunders
1967,Michael Lipka
1968,Wallace Wolodarsky
1969,Kevin Kline
1970,Morena Baccarin
1971,Rob Delaney
1972,Johanna Solano
1973,Esteban Hidalgo
1974,Gustavo Rojas
1975,Flor Urbina
1976,Gina La Piana
1977,Johann Urb
1978,Silvia Spross
1979,Crystal Fox
1980,Bresha Webb
1981,Mehcad Brooks
1982,Jaden Michael
1983,Gerald Jones III
1984,Gregory Diaz IV
1985,Taylor Takahashi
1986,Pamelyn Chee
1987,Taylour Paige
1988,Harrison Browne
1989,Andrew Bee
1990,Andrea Pavlovic
1991,Cameron Stewart
1992,Gastón Duprat
1993,Penélope Cruz
1994,Antonio Banderas
1995,Oscar Martínez
1996,Nagore Aramburu
1997,Shea Buckner
1998,Tyler Jon Olson
1999,Jesse Metcalfe
2000,Natalie Eva Marie
2001,Gabriel Bateman
2002,Kunal Nayyar
2003,Hee-Yeon Ahn
2004,Lee Yoo-mi
2005,Joanna Scanlan
2006,Nathalie Richard
2007,Talid Ariss
2008,Nasser Memarzia
2009,Leslie Bibb
2010,Nora Dunn
2011,Herizen F. Guardiola
2012,Olga Kurylenko
2013,Marilyn Lima
2014,Michel Nabokoff
2015,Martin Swabey
2016,Dhananjaya
2017,Yash Shetty
2018,Cockroach Sudhi
2019,Duniya Vijay
2020,Jean Reno
2021,Rupert Evans
2022,Phillip Andre Botello
2023,Jacqueline Jandrell
2024,Cory Vaughn
2025,Avery Kristen Pohl
2026,Vinnie Jones
2027,Malcolm McDowell
2028,Ron Perlman
2029,Nicholas Braun
2030,Saket Chaudhary
2031,Ashwiny Iyer Tiwari
2032,T.J. Bhanu
2033,Nikhil Dwivedi
2034,Palomi Ghosh
2035,Brianna Hildebrand
2036,Cameron Boyce
2037,Tichina Arnold
2038,Matilda Lawler
2039,Alyson Hannigan
2040,Ben Schwartz
2041,Benjamin Evan Ainsworth
2042,Shahab Hosseini
2043,Niousha Noor
2044,Leah Oganyan
2045,George Maguire
2046,Kelley Mack
2047,Chris Sullivan
2048,Anthony E. Cabral
2049,Dean-Charles Chapman
2050,Finn Cole
2051,Anya Taylor-Joy
2052,Ferdia Walsh-Peelo
2053,Kiara Advani
2054,Taher Shabbir
2055,Akansha Ranjan Kapoor
2056,Gurfateh Pirzada
2057,Suliane Brahim
2058,Sofian Khammes
2059,Marie Narbonne
2060,Raphael Romand
2061,Jillian Bell
2062,Sonia Manzano
2063,Carlease Burke
2064,Agustín Almodóvar
2065,Miguel Almodóvar
2066,Pablo Almodóvar
2067,Priit Võigemast
2068,Kaspars Znotins
2069,Agnese Cirule
2070,Ieva Andrejevaite
2071,Mario Casas
2072,Déborah François
2073,Maria Rodríguez Soto
2074,Casper Van Dien
2075,Jack Griffo
2076,Lexi Simonsen
2077,Richard Dreyfuss
2078,Pruitt Taylor Vince
2079,D.W. Moffett
2080,Leslie Alejandro
2081,Kevin Alejandro
2082,Lesley-Ann Brandt
2083,Tom Degnan
2084,Laura Hine
2085,Vijay Sethupathi
2086,Jagapathi Babu
2087,Rajendra Prasad
2088,Rachael Leigh Cook
2089,Damon Wayans Jr.
2090,Caitlin Howden
2091,Yancey Fuqua
2092,Jennifer Kincer
2093,Hannah Marks
2094,Sebastian Stan
2095,Yorgos Pirpassopoulos
2096,Dominique Tipper
2097,Seo Hyun-woo
2098,Bo-ra Kim
2099,Hong-pa Kim
2100,Jae-hwa Kim
2101,Cornelia Gröschel
2102,Tim Oliver Schultz
2103,Wotan Wilke Möhring
2104,Nina Kunzendorf
2105,Leandro Faria Lelo
2106,Allan Jacinto Santana
2107,Renata Carvalho
2108,Rafael Teóphilo
2109,Brett Varvel
2110,Allan Newsome
2111,Rik Roberts
2112,Jakob Winters
2113,Guillermo Francella
2114,Diego Peretti
2115,Luis Luque
2116,Pablo Rago
2117,Roberta Maxwell
2118,Christina Ricci
2119,Zach Braff
2120,Àlex Pastor
2121,Bruna Cusí
2122,Ruth Díaz
2123,Chris Lofing
2124,Jill Awbrey
2125,Bart Johnson
2126,Travis Cluff
2127,Zack Gold
2128,Naturi Naughton
2129,Jade Eshete
2130,Uzo Aduba
2131,Richard Short
2132,Tim Fellingham
2133,Stella Stocker
2134,Sanna Kelly
2135,Mod Sun
2136,Chase Hudson
2137,Travis Barker
2138,Yi Zhang
2139,Haocun Liu
2140,Wei Fan
2141,Ailei Yu
2142,Michal Englert
2143,Alec Utgoff
2144,Maja Ostaszewska
2145,Agata Kulesza
2146,Weronika Rosati
2147,Stephen Schneider
2148,Kelen Coleman
2149,Jakob Wedel
2150,Tess Aubert
2151,Kuhoo Verma
2152,Victoria Moroles
2153,Michael Provost
2154,Mason Cook
2155,Maritte Lee Go
2156,Joe Sill
2157,Jess Varley
2158,Chris von Hoffmann
2159,Leonardo Nam
2160,Macy Gray
2161,Martina García
2162,Hana Mae Lee
2163,Salman Khan
2164,Disha Patani
2165,Randeep Hooda
2166,Jackie Shroff
2167,Virginie Efira
2168,Albert Dupontel
2169,Nicolas Marié
2170,Jackie Berroyer
2171,Issa Rae
2172,Kumail Nanjiani
2173,Paul Sparks
2174,Paula Beer
2175,Maryam Zaree
2176,Jacob Matschenz
2177,Santhanam
2178,Anagha L.K.
2179,Shirin Kanchwala
2180,Yogi Babu
2181,Denise Richards
2182,Thomas Calabro
2183,Courtney Fulk
2184,Jay Jay Warren
2185,Liam Hemsworth
2186,Jacob Zachar
2187,Clark Duke
2188,Mateus Ward
2189,Kennedy Tucker
2190,Roger Cross
2191,Dylan Riley Snyder
2192,Mark Duplass
2193,Natalie Morales
2194,Desean Terry
2195,Christine Quesada
2196,Chord Overstreet
2197,Olivia Culpo
2198,Aleksander Vayshelboym
2199,Stephen Meek
2200,Whitney Call
2201,Mallory Everton
2202,Julia Jolley
2203,Anne Sward Hansen
2204,Jessica Lowndes
2205,Dennis Andres
2206,Michael Brown
2207,Alexa PenaVega
2208,Luke Macfarlane
2209,Nolen Dubuc
2210,Heather-Claire Nortey
2211,Elena Kampouris
2212,Kate Moyer
2213,Sebastian Alanis Alvarez
2214,Alyla Browne
2215,Alisa Allapach
2216,Lia Bozonelis
2217,Adwin Brown
2218,Katie L. Hall
2219,Viktor Klem
2220,Fruzsina Hais
2221,Judit Schell
2222,Andrea Ladányi
2223,Anwen O'Driscoll
2224,Jennie Garth
2225,Sebastien Roberts
2226,David MacInnis
2227,Kriti Kharbanda
2228,Gauahar Khan
2229,Jameel Khan
2230,Marcus Jean Pirae
2231,Lacey Cofran
2232,Paula Marcenaro Solinger
2233,Rachel Alig
2234,Keiynan Lonsdale
2235,Liza Koshy
2236,Briana Andrade-Gomes
2237,Kalliane Brémault
2238,Dulcé Sloan
2239,Kevin Connolly
2240,Matthew Gray Gubler
2241,Angela Sarafyan
2242,Andy Milonakis
2243,Kate Comer
2244,Sean Patrick Flanery
2245,Currie Graham
2246,Neels Clasen
2247,Tony Caprari
2248,Kate Normington
2249,Tom Dewispelaere
2250,Frieda Barnhard
2251,Hans Kesting
2252,Anniek Pheifer
2253,Kate Lyn Sheil
2254,Jane Adams
2255,Kentucker Audley
2256,Katie Aselton
2257,Bruce Campbell
2258,Ivana Baquero
2259,Ryan Lee
2260,Adeel Akhtar
2261,Claire Rushbrook
2262,Ellora Torchia
2263,Shaun Thomas
2264,Chris Jai Alex
2265,Sasha Alexander
2266,Michael Chiklis
2267,Noshir Dalal
2268,Gô Ayano
2269,Edward Bosco
2270,Amber Lee Connors
2271,Lucien Dodge
2272,Christine Ko
2273,Wes Brown
2274,Lauren Tom
2275,Chase Ramsey
2276,Kathleen Quinlan
2277,John Schneider
2278,Russell Hodgkinson
2279,Trin Miller
2280,Diane Venora
2281,Jasmine Guillen
2282,Ava Grey
2283,Victoria Walls
2284,Frankie Faison
2285,Steve O'Connell
2286,Enrico Natale
2287,Ben Marten
2288,Abhishek Bachchan
2289,Fatima Sana Shaikh
2290,Jay Ryan
2291,Kimberley Crossman
2292,Jordi Webber
2293,Emmett Skilton
2294,Rob Brownstein
2295,Tevy Poe
2296,John Erickson
2297,Jessica Brown Findlay
2298,John Heffernan
2299,Anya McKenna-Bruce
2300,Sean Harris
2301,Molly Kunz
2302,Graham Greene
2303,Charlie Carrick
2304,Derek Johns
2305,Somegorô Ichikawa
2306,Hana Sugisaki
2307,Kimberley Wong
2308,Victoria Grace
2309,Hayley Squires
2310,Elizabeth Rider
2311,Hewei Yu
2312,Hailu Qin
2313,Pantea Panahiha
2314,Hasan Majuni
2315,Rayan Sarlak
2316,Amin Simiar
2317,Marcel Dorian
2318,Michelle J. Wright
2319,Gabriela Brinza
2320,Joseph Steyne
2321,Guruwuk Mununggurr
2322,Wakarra Gondarra
2323,Mark Garrawurra
2324,Neville Namarnyilk
2325,Grace VanderWaal
2326,Graham Verchere
2327,Maximiliano Hernández
2328,Jocelyn Hudon
2329,Jake Manley
2330,Daniela Sandiford
2331,Raphael Grosz-Harvey
2332,Matthias Schoenaerts
2333,Maika Monroe
2334,Paul Schneider
2335,Louis Koo
2336,Kai Wang
2337,Ray Lui
2338,Justin Cheung
2339,Tom Vera
2340,Tom Sizemore
2341,Lee Majors
2342,Robert LaSardo
2343,David Lowery
2344,Jafar Panahi
2345,Laura Poitras
2346,Dominga Sotomayor
2347,Malik Vitthal
2348,Apichatpong Weerasethakul
2349,Yay Yay Bobby Jones
2350,Catherine Machovsky
2351,Yu Zhang
2352,Dongyu Zhou
2353,Mackenzie Foy
2354,Iain Glen
2355,Calam Lynch
2356,Lannick Gautry
2357,Stanislas Merhar
2358,Kaaris
2359,David Belle
2360,Siobhan Fallon Hogan
2361,Robert Patrick
2362,Ellie Frankel
2363,Liam Hogan
2364,Hamish Linklater
2365,Mia Sinclair Jenness
2366,Iani Bédard
2367,Roy Dupuis
2368,Marianne Fortier
2369,Anne-Élisabeth Bossé
2370,Ben Stassen
2371,Jules Medcraft
2372,Kylian Trouillard
2373,Alexis Victor
2374,Marie Chevalot
2375,Aya Cash
2376,William Jackson Harper
2377,Sarah Bolger
2378,Tony Cavalero
2379,Jordan Fisher
2380,Jessica Allain
2381,Mac Brandt
2382,Skylan Brooks
2383,Kieran Gallagher
2384,Magdalena Kolesnik
2385,Julian Swiezewski
2386,Aleksandra Konieczna
2387,Zbigniew Zamachowski
2388,Roy Chiu
2389,Hsin-Ling Chung
2390,Wei-Ning Hsu
2391,Wei-Hua Lan
2392,John Benjamin Hickey
2393,Niv Nissim
2394,Lihi Kornowski
2395,Miki Kam
2396,Morgan Galen King
2397,Richard E. Grant
2398,Lucy Lawless
2399,Patton Oswalt
2400,Betty Gabriel
2401,Lauren Beatty
2402,Greg Bryk
2403,Katharine King So
2404,Judith Buchan
2405,Jasper Polish
2406,Jeff Fahey
2407,Manny Perez
2408,Antoine Olivier Pilon
2409,Josh Hartnett
2410,Stephen McHattie
2411,Jim Gaffigan
2412,Aaron Groben
2413,Katelyn Gault
2414,Juliet Rusche
2415,Tom Schilling
2416,Saskia Rosendahl
2417,Albrecht Schuch
2418,Meret Becker
2419,Indrans
2420,Sreenath Bhasi
2421,Manju Pillai
2422,Naslen
2423,Adam Copeland
2424,Leonardo DiCaprio
2425,Elizabeth Reaser
2426,Stephen Dorff
2427,Drew Scheid
2428,Donald Faison
2429,Viktor Khorinyak
2430,Mila Sivatskaya
2431,Ekaterina Vilkova
2432,Elena Yakovleva
2433,Michael Evans Behling
2434,April Telek
2435,Lillian Doucet-Roche
2436,Natasha Bure
2437,Krista Kalmus
2438,Ben Elliott Paez
2439,Juli Erickson
2440,Zifeng Zhang
2441,Lei Wu
2442,Lei Hao
2443,Feng Zu
2444,Lorena Abella
2445,Núria Albesa
2446,José Luis Rodríguez Aneas
2447,Pablo Antonaya
2448,Damien Frette
2449,Julien Crampon
2450,Kaycie Chase
2451,Céline Ronté
2452,Tripti Dimri
2453,Avinash Tiwary
2454,Rahul Bose
2455,Parambrata Chattopadhyay
2456,Joseph Vijay
2457,Malavika Mohanan
2458,Arjun Das
2459,Boyd Holbrook
2460,Kelly Reilly
2461,Alistair Petrie
2462,Roxane Duran
2463,Véronique Reymond
2464,Nina Hoss
2465,Marthe Keller
2466,Jens Albinus
2467,Elina Löwensohn
2468,Paula Luna
2469,Agata Buzek
2470,Pauly Shore
2471,Mike Castle
2472,Aimee Teegarden
2473,Billy Zane
2474,Camélia Jordana
2475,Niels Schneider
2476,Vincent Macaigne
2477,Émilie Dequenne
2478,Julie McNiven
2479,Jon Abrahams
2480,Kelley Jakle
2481,Clark Freeman
2482,Tomotaka Shibayama
2483,Mirai Shida
2484,Natsuki Hanae
2485,Johnny Yong Bosch
2486,Bob Buchholz
2487,Frida Cauchi
2488,Jesmark Scicluna
2489,Michela Farrugia
2490,Uday McLean
2491,Akshaye Khanna
2492,Abhimanyu Singh
2493,Gautam Rode
2494,Vivek Dahiya
2495,Sushant Singh Rajput
2496,Sanjana Sanghi
2497,Sahil Vaid
2498,Saswata Chatterjee
2499,Suriya
2500,Paresh Rawal
2501,Gaurav Pareek
2502,Mohan Babu
2503,Isabelle Fuhrman
2504,Amy Forsyth
2505,Dilone
2506,Jonathan Cherry
2507,David Giuntoli
2508,Mark Dacascos
2509,Molly C. Quinn
2510,Sean Gunn
2511,Hayley McFarland
2512,Jack Dylan Grazer
2513,Fionn Whitehead
2514,Rainn Wilson
2515,Jordan Hayes
2516,Max Topplin
2517,James McGowan
2518,Rosemary Dunsmore
2519,Maciej Musialowski
2520,Vanessa Aleksander
2521,Danuta Stenka
2522,Jacek Koman
2523,Augie Tulba
2524,Branscombe Richmond
2525,Taiana Tully
2526,Daniella Monet
2527,Oscar Cardenas
2528,Kenzie Dalton
2529,Selma Blair
2530,Armando Espitia
2531,Christian Vazquez
2532,Michelle Rodríguez
2533,Ángeles Cruz
2534,Weston Cage Coppola
2535,Anna Marie Dobbins
2536,Nathan Kehn
2537,Andrea Hickey
2538,Ben Reed
2539,Connor Martin
2540,Kevin Daniels
2541,Brendan Hines
2542,Ola Kaminska
2543,Tatjana Marjanovic
2544,Sophie Marceau
2545,Géraldine Pailhas
2546,Charlotte Rampling
2547,Devin France
2548,Yashua Mack
2549,Gage Naquin
2550,Gavin Naquin
2551,Kevin Speckmaier
2552,Andrea Stefancikova
2553,Natalia Ryumina
2554,Nick Wittman
2555,Valeria Dymova
2556,Fahadh Faasil
2557,Nimisha Sajayan
2558,Vinay Forrt
2559,Jalaja
2560,Lauren Elyse Buckley
2561,Richard Blake
2562,Rachel Lynn David
2563,Roberto Jay
2564,Baran Rasoulof
2565,Mahtab Servati
2566,Mohammad Seddighimehr
2567,Zhila Shahi
2568,Thomas Morris
2569,Barbara Nedeljakova
2570,Tony Todd
2571,America Young
2572,Amber Eliese May
2573,Greg Chun
2574,Daniel Mk Cohen
2575,Mark Chao
2576,Allen Deng
2577,Ziwen Wang
2578,Jessie Li
2579,Marco Grazzini
2580,Anthony Konechny
2581,Brandi Alexander
2582,Steve Basilone
2583,Jennifer Irwin
2584,Jess Jacobs
2585,Finn Wittrock
2586,Jérémy Trouilh
2587,Alseni Bathily
2588,Lyna Khoudri
2589,Jamil McCraven
2590,Finnegan Oldfield
2591,Nicola Wright
2592,Amanda-Jade Tyler
2593,Daniel Brühl
2594,Peter Kurth
2595,Rike Eckermann
2596,Aenne Schwarz
2597,Kevin Joy
2598,Andrew Rogers
2599,Liam Hall
2600,Anna Maiche
2601,Donna D'Errico
2602,Chris Browning
2603,Anouk Samuel
2604,Chloe Amen
2605,Tara Spencer-Nairn
2606,Julia Lalonde
2607,Hannah Vandenbygaart
2608,Emily Clarke
2609,Danielle C. Ryan
2610,Myko Olivier
2611,John-Paul Lavoisier
2612,Skyler Elyse Philpot
2613,Omid Zader
2614,Johnny Messner
2615,William Katt
2616,Nadège August
2617,Blake Boyd
2618,Kurt Long
2619,Gary Fredo
2620,Shianne Daye
2621,Rick Jermain
2622,Amber Riley
2623,Alfonso Herrera
2624,Emiliano Zurita
2625,Mabel Cadena
2626,Fernando Becerril
2627,Grace Van Dien
2628,Christina Moore
2629,Kandace Kale
2630,Elijah Cooke
2631,Lissa Carandang-Sweeney
2632,Nobuaki Shimamoto
2633,Kimberly-Sue Murray
2634,Steve Lund
2635,Nadine Whiteman Roden
2636,Jeff Teravainen
2637,Steve Blum
2638,Wynter Eddins
2639,O'Shay Neal
2640,Freda Yifan Jing
2641,Sam Neill
2642,Michael Caton
2643,Wayne Blair
2644,Kipan Rothbury
2645,Maya Vanderbeque
2646,Günter Duret
2647,Karim Leklou
2648,Laura Verlinden
2649,Ajay Devgn
2650,Sanjay Dutt
2651,Sonakshi Sinha
2652,Sharad Kelkar
2653,Rosanna Arquette
2654,Justin Ashforth
2655,Kathy Baker
2656,Marshall Bell
2657,Loren Gray
2658,Adriane Daff
2659,Jane Lynch
2660,Autumn Reeser
2661,Andrew W. Walker
2662,Rhiannon Fish
2663,Colleen Wheeler
2664,Swamy Rotolo
2665,Claudio Rotolo
2666,Grecia Rotolo
2667,Rosa Caccamo
2668,Miguel Herrán
2669,Carolina Yuste
2670,Asia Ortega
2671,Patrick Schwarzenegger
2672,Alex Pettyfer
2673,Lake Bell
2674,Michael Cera
2675,Emily Davis
2676,Alex Karpovsky
2677,Auðunn Blöndal
2678,Egill Einarsson
2679,Steinunn Ólína Þorsteinsdóttir
2680,Vivian Ólafsdóttir
2681,Nicholas Corda
2682,Sylvana Joyce
2683,Alyson Leigh Rosenfeld
2684,Courtney Shaw
2685,Kanittha Kwanyu
2686,Weerachit Thongjila
2687,Vachirawit Chivaaree
2688,Metawin Opas-Iamkajorn
2689,Sattabut Laedeke
2690,Thanatsaran Samthonglai
2691,Matt Levett
2692,Toby Leonard Moore
2693,Anna Baryshnikov
2694,Lev Gorn
2695,Levi Miller
2696,Steve Bastoni
2697,Jake Ryan
2698,Michal Meyer
2699,Adam Woronowicz
2700,Adam Turczyk
2701,Julianne Moore
2702,Alicia Vikander
2703,Ryan Kiera Armstrong
2704,Viktoriya Agalakova
2705,Georgiy Bestaev
2706,Khristina Blokhina
2707,Valeriya Bukhina
2708,Noée Abita
2709,Jérémie Renier
2710,Marie Denarnaud
2711,Muriel Combeau
2712,Guillermo Arengo
2713,Mirta Busnelli
2714,Daniel Hendler
2715,Daniel Mart
2716,Enrique del Risco
2717,Jace Elton
2718,Eric Claussen
2719,Sasha Knight
2720,Ann Dowd
2721,Kang-ho Song
2722,Lee Byung-hun
2723,Jeon Do-yeon
2724,Nam-gil Kim
2725,Joakim Robillard
2726,Jean-François Boudreau
2727,Guillaume Cyr
2728,Chantal Fontaine
2729,Carly Pope
2730,Jung-min Hwang
2731,Lee Ho-jung
2732,Jae-Bum Kim
2733,Ryu Kyung-Soo
2734,Shakira Barrera
2735,Mike Vogel
2736,Cécile de France
2737,Vincent Lacoste
2738,Xavier Dolan
2739,Izabela Rose
2740,Siena Agudong
2741,Kyle Howard
2742,Elie Samouhi
2743,Jean Dujardin
2744,Fatou N'Diaye
2745,Natacha Lindinger
2746,Richard Madden
2747,Angelina Jolie
2748,Scott Eastwood
2749,Kevin Durand
2750,Jude Hill
2751,Lewis McAskie
2752,Caitriona Balfe
2753,Alexia Fast
2754,Megan Peta Hill
2755,Trevor Gretzky
2756,Finn Wolfhard
2757,Joaquin Phoenix
2758,Gaby Hoffmann
2759,Woody Norman
2760,Scoot McNairy
2761,Lia McHugh
2762,Jacob Lofland
2763,Adam Driver
2764,Jared Leto
2765,Al Pacino
2766,Stephanie Beatriz
2767,María Cecilia Botero
2768,Diane Guerrero
2769,Hidetoshi Nishijima
2770,Tôko Miura
2771,Reika Kirishima
2772,Yoo-rim Park
2773,Jack Nielen
2774,Freddie Spry
2775,Deborah Ann Woll
2776,Beau Knapp
2777,Brendan Gleeson
2778,Lilly Singh
2779,Jack Whitehall
2780,Izaac Wang
2781,John Cleese
2782,Will Smith
2783,Jon Bernthal
2784,Tony Goldwyn
2785,Dylan McDermott
2786,Alanis Morissette
2787,Katia Pascariu
2788,Claudia Ieremia
2789,Olimpia Malai
2790,Nicodim Ungureanu
2791,Bradley Cooper
2792,Sean Penn
2793,Skyler Gisondo
2794,John C. Reilly
2795,Kaya Scodelario
2796,Robbie Amell
2797,Hannah John-Kamen
2798,Tom Hopper
2799,Alexander Ludwig
2800,Timothy Olyphant
2801,Tim Blake Nelson
