tags_No,imdb_movie_Id,user_Id,tag
0,838283,2,funny
1,993846,2,Martin Scorsese
2,993846,2,drugs
3,1291584,2,Tom Hardy
4,1291584,2,MMA
5,1291584,2,Boxing story
6,993846,2,Leonardo DiCaprio
7,838283,2,will ferrell
8,838283,2,Highly quotable
9,407887,7,way too long
10,488120,18,twist ending
11,106519,18,mafia
12,71562,18,Al Pacino
13,71562,18,Mafia
14,253474,18,holocaust
15,253474,18,true story
16,425210,18,twist ending
17,488120,18,Anthony Hopkins
18,488120,18,courtroom drama
19,106519,18,gangster
20,3597400,18,Sustainability
21,3597400,18,dumpster diving
22,1764726,18,music
23,1764726,18,britpop
24,106519,18,Al Pacino
25,1764726,18,indie record label
26,2788710,21,bloody
27,1126590,21,painter
28,119738,21,wedding
29,119738,21,romantic comedy
30,816692,49,time-travel
31,816692,49,black hole
32,816692,49,sci-fi
33,1229340,62,will ferrell
34,1229340,62,stupid but funny
35,1229340,62,Steve Carell
36,1486834,62,zoe kazan
37,1486834,62,daniel radcliffe
38,770828,62,superhero
39,770828,62,Amy Adams
40,1853728,62,western
41,2557490,62,Liam Neeson
42,1853728,62,Quentin Tarantino
43,1853728,62,Leonardo DiCaprio
44,1853728,62,Humour
45,1853728,62,Great performances
46,1853728,62,good soundtrack
47,1853728,62,funny
48,1853728,62,Christoph Waltz
49,1853728,62,action
50,1397280,62,unnecessary sequel
51,1397280,62,Turkey
52,1397280,62,predictable
53,1397280,62,Liam Neeson
54,1397280,62,Istanbul
55,1853728,62,Samuel L. Jackson
56,1853728,62,Soundtrack
57,1840309,62,anti-intellectual
58,1840309,62,bad writing
59,2557490,62,Seth MacFarlane
60,2557490,62,witty
61,1790864,62,action
62,1790864,62,dystopia
63,1840309,62,unintelligent
64,1790864,62,plot holes
65,1790864,62,post-apocalyptic
66,1840309,62,scifi
67,1790864,62,survival
68,1790864,62,thriller
69,1790864,62,unexplained
70,1790864,62,weak plot
71,2911666,62,dark hero
72,1632708,62,sex
73,2911666,62,gun-fu
74,2911666,62,Keanu Reeves
75,2911666,62,Revenge
76,1840309,62,predictable
77,1840309,62,plot holes
78,1840309,62,new society
79,1840309,62,dystopia
80,2557490,62,Charlize Theron
81,1632708,62,romance
82,1156398,62,Woody Harrelson
83,1632708,62,Mila Kunis
84,1099212,62,Teen movie
85,1099212,62,overrated
86,1099212,62,chick flick
87,1099212,62,boring
88,1099212,62,audience intelligence underestimated
89,910936,62,Stoner Movie
90,910936,62,Seth Rogen
91,910936,62,James Franco
92,910936,62,comedy
93,425061,62,Steve Carell
94,844286,62,Adrien Brody
95,425061,62,Anne Hathaway
96,448157,62,Charlize Theron
97,448157,62,bad script
98,499448,62,Tilda Swinton
99,499448,62,narnia
100,499448,62,lion
101,499448,62,fantasy
102,832266,62,Ryan Reynolds
103,832266,62,Rachel Weisz
104,486576,62,sexy female scientist
105,486576,62,Marvel
106,448157,62,Will Smith
107,1632708,62,New York City
108,844286,62,con artists
109,844286,62,interesting characters
110,1632708,62,Justin Timberlake
111,1632708,62,HOT actress
112,1632708,62,happy ending
113,1632708,62,funny
114,1632708,62,comedy
115,1133985,62,superhero
116,1133985,62,space
117,1133985,62,Ryan Reynolds
118,1133985,62,DC Comics
119,1133985,62,DC
120,844286,62,funny
121,1133985,62,comic book
122,1133985,62,CGI
123,1133985,62,audience intelligence underestimated
124,2911666,62,secret society
125,1156398,62,Jesse Eisenberg
126,1156398,62,funny
127,1156398,62,Emma Stone
128,1156398,62,dark comedy
129,1156398,62,Bill Murray
130,844286,62,Rachel Weisz
131,844286,62,Mark Ruffalo
132,1133985,62,cheesy
133,2911666,62,stylish
134,4154756,62,Visually stunning
135,3011894,62,dark comedy
136,4425200,62,action
137,3553976,62,Viggo Mortensen
138,3553976,62,individualism
139,3553976,62,good writing
140,3553976,62,freedom
141,3553976,62,creative
142,3553976,62,building a family
143,1663202,62,visually appealing
144,1663202,62,tom hardy
145,1663202,62,survival
146,1663202,62,leonardo DiCarpio
147,2975590,62,wonderwoman
148,2975590,62,superman
149,2975590,62,superhero
150,2975590,62,Gal Gadot
151,2975590,62,dc comics
152,2975590,62,dark
153,2975590,62,ben affleck
154,2975590,62,batman
155,2975590,62,action
156,1386697,62,Will Smith
157,4425200,62,dark hero
158,4425200,62,gun tactics
159,4425200,62,hitman
160,4425200,62,Keanu Reeves
161,3778644,62,star wars
162,3778644,62,Emilia Clarke
163,5463162,62,sarcasm
164,5463162,62,Ryan Reynolds
165,5463162,62,Josh Brolin
166,1365519,62,video game adaptation
167,1365519,62,Alicia Vikander
168,1365519,62,adventure
169,2704998,62,Rachel McAdams
170,2704998,62,funny
171,1386697,62,visually appealing
172,2704998,62,Comedy
173,2283362,62,Dwayne Johnson
174,2283362,62,Comedy
175,2283362,62,Action
176,3973198,62,thought provoking
177,3973198,62,jon hamm
178,3973198,62,interesting
179,3973198,62,future
180,3973198,62,Dystopia
181,4425200,62,secret society
182,4425200,62,organized crime
183,2283362,62,funny
184,1386697,62,superhero
185,1386697,62,poorly paced
186,1386697,62,Poor story
187,3460252,62,violent
188,3460252,62,tension building
189,3460252,62,Samuel L. Jackson
190,3460252,62,Quentin Tarantino
191,3460252,62,Kurt Russell
192,3460252,62,humor
193,3460252,62,Dialogue
194,3460252,62,characters
195,486576,62,Jessica Alba
196,4154756,62,Thor
197,3460252,62,Western
198,4154756,62,Thanos
199,4154756,62,MCU
200,4154756,62,Marvel
201,4154756,62,Guardians of the Galaxy
202,4154756,62,Great villain
203,4154756,62,Dr. Strange
204,4154756,62,comic book
205,3011894,62,short stories
206,3011894,62,multiple short stories
207,3011894,62,ironic
208,3011894,62,dark humor
209,4154756,62,Robert Downey Jr.
210,3011894,62,black comedy
211,1951266,62,dystopia
212,1951266,62,love story
213,1386697,62,Margot Robbie
214,1386697,62,lack of plot
215,1386697,62,Joker
216,1386697,62,Jared Leto
217,1386697,62,Horrible directing
218,1386697,62,Harley Quinn's ass
219,1386697,62,Harley Quinn
220,1386697,62,good soundtrack
221,1386697,62,dc comics
222,1386697,62,comic book
223,1951266,62,Jennifer Lawrence
224,1386697,62,Ben Affleck
225,1386697,62,Bad writing
226,1386697,62,Bad story
227,2140379,62,ryan reynolds
228,2140379,62,immortality
229,2140379,62,ethics
230,2140379,62,Ben Kingsley
231,1951266,62,revolution
232,1951266,62,rebellion
233,1951266,62,politics
234,1951266,62,nonsense
235,1386697,62,Batman
236,486576,62,Chris Evans
237,1229340,62,comedy
238,486576,62,bad jokes
239,278504,62,Hilary Swank
240,278504,62,atmospheric
241,278504,62,Al Pacino
242,215750,62,World War II
243,215750,62,sniper
244,215750,62,Rachel Weisz
245,215750,62,Jude Law
246,215750,62,Ed Harris
247,278504,62,Robin Williams
248,172495,62,Russell Crowe
249,172495,62,revenge
250,172495,62,imdb top 250
251,172495,62,history
252,172495,62,Epic
253,172495,62,ancient Rome
254,120363,62,Tom Hanks
255,120363,62,sequel
256,120363,62,Pixar
257,172495,62,Rome
258,120363,62,original
259,309593,62,sequel
260,286716,62,dogs
261,167260,62,lord of the rings
262,167260,62,great soundtrack
263,167260,62,fantasy world
264,167260,62,fantasy
265,167260,62,ensemble cast
266,167260,62,Adventure
267,325703,62,heroine in tight suit
268,325703,62,Angelina Jolie
269,309593,62,violent
270,325703,62,adventure
271,311429,62,Sean Connery
272,311429,62,Peta Wilson
273,311429,62,gothic
274,311429,62,comic book
275,311429,62,captain nemo
276,286716,62,marvel
277,286716,62,mad scientist
278,286716,62,Eric Bana
279,311429,62,superhero
280,120363,62,funny
281,120363,62,Disney
282,120363,62,animation
283,112573,62,Oscar (Best Cinematography)
284,112573,62,mel gibson
285,112573,62,Medieval
286,112573,62,inspirational
287,112573,62,historical
288,112573,62,epic
289,112573,62,beautiful scenery
290,113497,62,Robin Williams
291,112573,62,revenge
292,113497,62,magic board game
293,2788710,62,Seth Rogen
294,486576,62,bad plot
295,2788710,62,funny
296,2788710,62,comedy
297,2788710,62,bromance
298,838283,62,will ferrell
299,838283,62,funny
300,838283,62,comedy
301,113497,62,fantasy
302,112573,62,sword fight
303,106220,62,black comedy
304,106220,62,Christina Ricci
305,104431,62,sequel
306,104431,62,Macaulay Culkin
307,104431,62,funny
308,104431,62,family
309,101272,62,quirky
310,101272,62,gothic
311,101272,62,Family
312,101272,62,Christopher Lloyd
313,101272,62,Christina Ricci
314,101272,62,black comedy
315,99674,62,mafia
316,99674,62,Francis Ford Coppola
317,99674,62,Classic
318,99674,62,Andy Garcia
319,99674,62,Al Pacino
320,106220,62,gothic
321,106220,62,family
322,106220,62,dark comedy
323,106220,62,Christopher Lloyd
324,167260,62,scenic
325,167260,62,stylized
326,2788710,62,James Franco
327,121164,62,helena bonham carter
328,121164,62,gothic
329,120667,62,superhero
330,120667,62,sexy female scientist
331,120667,62,Jessica Alba
332,120667,62,heroine in tight suit
333,120667,62,comic book
334,120667,62,Chris Evans
335,420223,62,emma thompson
336,320661,62,Orlando Bloom
337,420223,62,Maggie Gyllenhaal
338,320661,62,Eva Green
339,320661,62,David Thewlis
340,347149,62,Studio Ghibli
341,347149,62,Hayao Miyazaki
342,347149,62,fantasy world
343,420223,62,modern fantasy
344,320661,62,Liam Neeson
345,121164,62,Johnny Depp
346,121164,62,Tim Burton
347,121164,62,visually appealing
348,449467,62,Brad Pitt
349,382625,62,treasure hunt
350,449467,62,social commentary
351,382625,62,Tom Hanks
352,382625,62,Paris
353,382625,62,Mystery
354,382625,62,conspiracy theory
355,382625,62,Audrey Tautou
356,382625,62,adventure
357,373469,62,witty
358,373469,62,Robert Downey Jr.
359,373469,62,good dialogue
360,373469,62,fast-paced dialogue
361,373469,62,clever
362,373469,62,black comedy
363,477347,62,Ben Stiller
364,477347,62,Robin Williams
365,449467,62,cate blanchett
366,375912,62,Tom Hardy
367,347149,62,anime
368,420223,62,romance
369,375912,62,stylish
370,339291,62,Jim Carrey
371,339291,62,dark comedy
372,328832,62,sci-fi
373,328832,62,Matrix
374,328832,62,dark
375,328832,62,cyberpunk
376,328832,62,anime
377,328832,62,animation
378,486576,62,bad acting
379,450259,62,Leonardo DiCaprio
380,450259,62,justice
381,357413,62,Will Ferrell
382,357413,62,Steve Carell
383,357413,62,hilarious
384,339291,62,meryl streep
385,339291,62,quirky
386,449467,62,multiple storylines
387,371246,62,Adam Sandler
388,420223,62,surreal
389,167260,62,Tolkien
390,420223,62,Will Ferrell
391,401445,62,Marion Cotillard
392,375912,62,organized crime
393,375912,62,Exquisite plotting.
394,339291,62,stylized
395,375912,62,confusing
396,375912,62,daniel craig
397,371246,62,sweet
398,450259,62,Africa
399,450259,62,corruption
400,450259,62,Jennifer Connelly
401,371246,62,family
402,375912,62,British gangster
403,76759,63,space action
404,76759,63,classic
405,76759,76,action
406,76759,76,sci-fi
407,110912,103,good dialogue
408,110912,103,great soundtrack
409,110912,103,non-linear
410,76759,103,EPIC
411,76759,103,great soundtrack
412,241527,106,Everything you want is here
413,1170358,106,adventure
414,76759,112,classic sci-fi
415,76759,112,engrossing adventure
416,76759,112,EPIC
417,2446042,119,police
418,2911666,119,action
419,2911666,119,killer
420,2911666,119,widows/widowers
421,481499,119,animation
422,481499,119,funny
423,76759,119,classic
424,76759,119,Nerd
425,481499,119,stone age
426,2245084,119,animation
427,2245084,119,kids
428,2245084,119,robots
429,2446042,119,murder
430,2446042,119,action
431,451094,125,brutality
432,387564,125,suspense
433,1333125,125,satire
434,2937696,125,80's
435,1700841,125,Crude humor
436,1700841,125,mindfuck
437,387564,125,surprise ending
438,1197628,125,Seth Rogen
439,1007028,125,Sexual Humor
440,808279,125,dark humor
441,1700841,125,sarcasm
442,1007028,125,Seth Rogen
443,1700841,125,satire
444,1700841,125,Vulgar
445,497465,125,threesome
446,1333125,125,embarassing scenes
447,364517,125,cruel characters
448,1333125,125,offensive
449,387564,125,mindfuck
450,387564,125,Disturbing
451,1333125,125,sarcasm
452,387564,125,great ending
453,119925,125,Kevin Costner
454,119925,125,Post apocalyptic
455,124198,125,dark comedy
456,124198,125,dark humor
457,120655,125,irreverent
458,120655,125,jay and silent bob
459,120655,125,Kevin Smith
460,120655,125,satire
461,72353,125,irreverent
462,266308,125,based on a book
463,266308,125,bloody
464,266308,125,brutal
465,1333125,125,R language
466,266308,125,dystopia
467,387564,125,brutal
468,289879,125,time travel
469,289879,125,science fiction
470,289879,125,sci-fi
471,266308,125,violence
472,266308,125,survival
473,266308,125,social commentary
474,289879,125,alternate reality
475,266308,125,goretastic
476,387564,125,clever
477,266308,125,controversial
478,266308,125,satire
479,309530,132,Ewan McGregor
480,159097,132,sofia coppola
481,309698,132,John Cusack
482,309530,132,Renee Zellweger
483,865556,138,kung fu
484,865556,138,jackie chan
485,396555,161,Something for everyone in this one... saw it without and plan on seeing it with kids!
486,110413,166,Jean Reno
487,440963,166,assassin
488,440963,166,assassin-in-training (scene)
489,440963,166,Robert Ludlum
490,110413,166,assassin
491,440963,166,espionage
492,116483,167,test tag
493,2245084,177,feel-good
494,2245084,177,fun family movie
495,2245084,177,very funny
496,209144,184,nonlinear
497,209144,184,psychology
498,241527,184,harry potter
499,209144,184,twist ending
500,1636780,184,remaster
501,1636780,184,gintama
502,1636780,184,comedy
503,169858,184,psychology
504,209144,184,Mindfuck
505,169858,184,mecha
506,169858,184,epic
507,169858,184,end of the world
508,169858,184,anime
509,275277,184,sci-fi
510,1636780,184,anime
511,209144,184,dark
512,120903,184,marvel
513,278504,184,atmospheric
514,278504,184,insomnia
515,278504,184,thought-provoking
516,241527,184,alan rickman
517,275277,184,anime
518,241527,184,Magic
519,154506,184,black and white
520,154506,184,Christopher Nolan
521,154506,184,directorial debut
522,154506,184,mindfuck
523,154506,184,not linear
524,154506,184,Twist Ending
525,120903,184,action
526,120903,184,comic book
527,120903,184,hugh jackman
528,241527,184,humorous
529,120903,184,superhero
530,275277,184,amazing artwork
531,246578,193,cult film
532,246578,193,dreamlike
533,76759,193,classic sci-fi
534,76759,193,space action
535,76759,193,space epic
536,246578,193,atmospheric
537,454876,193,surreal
538,454876,193,India
539,454876,193,cinematography
540,338013,193,thought-provoking
541,319061,193,sentimental
542,338013,193,alternate reality
543,319061,193,Tim Burton
544,319061,193,surreal
545,319061,193,dreamlike
546,246578,193,hallucinatory
547,246578,193,time travel
548,246578,193,psychological
549,246578,193,surreal
550,338013,193,memory
551,76759,205,oldie but goodie
552,76759,205,sci-fi
553,76759,205,Star Wars
554,379713,226,big wave
555,379713,226,surfing
556,482571,226,ummarti2006
557,1666801,256,high school
558,1666801,256,funny
559,458525,274,comic book
560,102721,288,Notable Nudity
561,92099,289,predictable
562,113228,289,old
563,113228,289,moldy
564,108052,289,moving
565,382932,291,inspirational
566,903135,291,animation
567,2310332,291,hope
568,382932,291,a clever chef rat
569,335266,300,atmospheric
570,1465522,305,black comedy
571,268978,305,mathematics
572,289043,305,zombies
573,315733,305,DEPRESSING
574,379786,305,predictable
575,861739,305,Favelas
576,357413,305,stupid
577,181865,305,drugs
578,1049413,318,children
579,1049413,318,cartoon
580,1049413,318,Bechdel Test:Fail
581,1403865,318,Coen Brothers
582,307197,318,documentary
583,390123,318,Animation
584,1403865,318,atmospheric
585,60668,318,reciprocal spectator
586,1403865,318,Jeff Bridges
587,1049413,318,computer animation
588,390123,318,Documentary
589,1559549,318,american idolatry
590,1403865,318,Matt Damon
591,390123,318,Henry Darger
592,814075,318,the catholic church is the most corrupt organization in history
593,914798,318,childish naivity
594,914798,318,friendship
595,1049413,318,adventure
596,1049413,318,dogs
597,1049413,318,dreams
598,1049413,318,Pixar
599,1049413,318,divorce
600,1403865,318,predictable
601,1510934,318,system holism
602,1510934,318,mediacentralism
603,117951,318,based on a book
604,117951,318,dark comedy
605,117951,318,narrated
606,1510934,318,celebrity fetishism
607,2917506,318,representation of children
608,2917506,318,poetic
609,2917506,318,film history
610,419724,318,Narrative pisstake
611,1782451,318,music industry
612,1782451,318,documentary
613,831387,318,Creature Feature
614,57286,318,political right versus left
615,97635,318,reciprocal spectator
616,57286,318,italy
617,57286,318,city politics
618,1782451,318,remix culture
619,110357,319,Disney animated feature
620,110357,319,Oscar (Best Music - Original Score)
621,110357,319,Disney
622,88258,327,music
623,129387,327,Ben Stiller
624,99422,327,comic book
625,181875,327,music
626,425112,327,british comedy
627,146882,327,music
628,357413,327,awesome
629,121164,336,animation
630,396269,336,stiller
631,352248,336,boksdrama
632,401792,336,cult
633,97165,336,highschool
634,108333,336,knights
635,112462,336,superhero
636,114709,336,pixar
637,399295,336,wapendrama
638,388125,336,sisters
639,76759,341,space
640,76759,341,ROBOTS AND ANDROIDS
641,90060,356,post-college
642,348333,356,restaurant
643,404364,356,satire
644,887883,356,dark comedy
645,411195,356,transvestite
646,1345836,357,comic book
647,257044,357,cinematography
648,257044,357,Tom Hanks
649,30287,357,Bette Davis
650,30287,357,Oscar (Best Actress)
651,337563,357,Mark Ruffalo
652,377092,357,clever
653,377092,357,High School
654,377092,357,lesbian subtext
655,1345836,357,Christopher Nolan
656,381849,357,Christian Bale
657,452623,357,great performances
658,452623,357,twist
659,1392170,357,ending
660,1345836,357,Anne Hathaway
661,1345836,357,Christian Bale
662,1345836,357,Morgan Freeman
663,1345836,357,great ending
664,212720,357,Steven Spielberg
665,452623,357,Casey Affleck
666,212720,357,Bittersweet
667,117509,357,updated classics
668,212720,357,android(s)/cyborg(s)
669,407887,357,undercover cop
670,407887,357,twist ending
671,407887,357,suspense
672,407887,357,Leonardo DiCaprio
673,112697,357,chick flick
674,112697,357,funny
675,112697,357,Paul Rudd
676,112697,357,quotable
677,112697,357,seen more than once
678,117509,357,Amazing Cinematography
679,117509,357,Leonardo DiCaprio
680,117509,357,shakespeare
681,1345836,357,political commentary
682,167404,357,Atmospheric
683,167404,357,Bruce Willis
684,167404,357,ghosts
685,167404,357,mindfuck
686,167404,357,stylized
687,167404,357,twist ending
688,212720,357,artificial intelligence
689,1345836,357,superhero
690,167404,357,imdb top 250
691,1790885,419,assassination
692,1790885,419,terrorism
693,1790885,419,Afghanistan
694,1790885,419,American propaganda
695,1790885,419,military
696,112461,424,Leonardo DiCaprio
697,112461,424,heroin
698,112461,424,addiction
699,114814,424,twist ending
700,114814,424,tricky
701,114814,424,thriller
702,114814,424,suspense
703,114814,424,mindfuck
704,114369,424,twist ending
705,114369,424,mystery
706,114746,424,time travel
707,123865,424,drugs
708,290002,424,Ben Stiller
709,290002,424,Robert De Niro
710,395584,424,Rob Zombie
711,418763,424,Jake Gyllenhaal
712,418763,424,Modern war
713,470705,424,based on a play
714,470705,424,conspiracy theory
715,470705,424,creepy
716,470705,424,Insanity
717,470705,424,paranoia
718,470705,424,PTSD
719,327597,424,claymation
720,112461,424,Mark Wahlberg
721,113540,424,controversial
722,113540,424,New York City
723,113540,424,Nudity (Full Frontal)
724,105236,424,nonlinear
725,105236,424,ensemble cast
726,117381,424,twist ending
727,117381,424,thought-provoking
728,117381,424,suspense
729,117381,424,psychology
730,117381,424,edward norton
731,116282,424,Steve Buscemi
732,116282,424,KIDNAPPING
733,116282,424,dark comedy
734,116282,424,based on a true story
735,103064,424,time travel
736,103064,424,Suspense
737,103064,424,sci-fi
738,103064,424,nuclear war
739,103064,424,Arnold Schwarzenegger
740,103064,424,apocalypse
741,83658,424,sci-fi
742,110632,424,stylized
743,110632,424,satire
744,110632,424,psychedelic
745,110632,424,dark comedy
746,110632,424,controversial
747,110632,424,brutality
748,109445,424,witty
749,109445,424,quirky
750,109445,424,independent film
751,109445,424,hilarious
752,109445,424,cynical
753,327597,424,creepy
754,105236,424,Quentin Tarantino
755,327597,424,dark
756,327597,424,Surreal
757,1392214,424,Hugh Jackman
758,1392214,424,atmospheric
759,1542344,424,stranded
760,947798,424,alter ego
761,947798,424,atmospheric
762,947798,424,creepy
763,838283,424,funny
764,838283,424,will ferrell
765,129387,424,goofy
766,129387,424,crude humor
767,129387,424,Ben Stiller
768,947798,424,horror
769,110357,424,soundtrack
770,1392214,424,Jake Gyllenhaal
771,947798,424,obsession
772,1670345,424,illusions
773,407887,424,atmospheric
774,407887,424,Jack Nicholson
775,407887,424,Leonardo DiCaprio
776,407887,424,Martin Scorsese
777,407887,424,suspense
778,816692,424,Christopher Nolan
779,1670345,424,overcomplicated
780,1670345,424,predictable
781,816692,424,sci-fi
782,816692,424,time-travel
783,1670345,424,stupid ending
784,357413,424,comedy
785,947798,424,surreal
786,1392214,424,morality
787,1392214,424,mystery
788,1392214,424,thriller
789,327597,424,Tim Burton
790,361748,424,black comedy
791,361748,424,Brad Pitt
792,361748,424,Christoph Waltz
793,361748,424,Quentin Tarantino
794,361748,424,satire
795,1130884,424,insanity
796,1130884,424,Leonardo DiCaprio
797,1130884,424,Martin Scorsese
798,1130884,424,plot twist
799,1130884,424,psychological
800,1130884,424,Psychological Thriller
801,1392214,424,absorbing
802,1130884,424,thought-provoking
803,1375666,424,action
804,1375666,424,alternate reality
805,1375666,424,Leonardo DiCaprio
806,1375666,424,sci-fi
807,1375666,424,thought-provoking
808,1375666,424,visually appealing
809,2267998,424,Stupid ending
810,2267998,424,annoying
811,2321549,424,psychological
812,2321549,424,Metaphorical
813,2321549,424,dark
814,2321549,424,atmospheric
815,790636,424,uplifting
816,790636,424,social commentary
817,790636,424,Jared Leto
818,327597,424,dark fairy tale
819,105236,424,stylized
820,117318,424,freedom of expression
821,71853,424,british comedy
822,100157,424,tense
823,100157,424,suspenseful
824,100157,424,stephen king
825,100157,424,scary
826,100157,424,horror
827,100157,424,claustrophobic
828,172493,424,winona ryder
829,172493,424,psychology
830,172493,424,Mental Hospital
831,172493,424,Brittany Murphy
832,172493,424,based on a true story
833,172493,424,asylum
834,134119,424,suspense
835,100157,424,thriller
836,134119,424,serial killer
837,134119,424,psychology
838,134119,424,obsession
839,134119,424,murder
840,134119,424,Jude Law
841,134119,424,disturbing
842,134119,424,creepy
843,134119,424,based on a book
844,137523,424,twist ending
845,137523,424,thought-provoking
846,137523,424,psychology
847,137523,424,dark comedy
848,158983,424,Trey Parker
849,158983,424,south park
850,134119,424,secrets
851,93773,424,aliens
852,93773,424,sci-fi
853,93773,424,scifi cult
854,361862,424,twist ending
855,361862,424,schizophrenia
856,361862,424,psychology
857,361862,424,powerful ending
858,361862,424,creepy
859,361862,424,Christian Bale
860,251736,424,Rob Zombie
861,302886,424,Will Ferrell
862,302886,424,comedy
863,317248,424,true story
864,317248,424,multiple storylines
865,42876,424,samurai
866,42876,424,black and white
867,120737,424,wizards
868,120737,424,tolkien
869,120737,424,mythology
870,120737,424,Magic
871,120737,424,high fantasy
872,120737,424,fantasy
873,196229,424,Will Ferrell
874,196229,424,mindless one liners
875,196229,424,goofy
876,196229,424,David Bowie
877,196229,424,comedy
878,196229,424,ben stiller
879,86250,424,Al Pacino
880,212338,424,Robert De Niro
881,212338,424,comedy
882,218839,424,satire
883,158983,424,satire
884,158983,424,parody
885,158983,424,free speech
886,158983,424,crude humor
887,81505,424,disturbing
888,81505,424,atmospheric
889,88247,424,time travel
890,88247,424,tense
891,88247,424,special effects
892,88247,424,Sci-Fi
893,88247,424,robots
894,88247,424,artificial intelligence
895,88247,424,Action
896,54215,424,tense
897,54215,424,suspenseful
898,54215,424,psychology
899,54215,424,Alfred Hitchcock
900,90605,424,suspense
901,90605,424,SPACE TRAVEL
902,90605,424,space craft
903,90605,424,space
904,90605,424,sci-fi
905,90605,424,horror
906,90605,424,aliens
907,90605,424,action
908,82971,424,treasure hunt
909,82971,424,Steven Spielberg
910,82971,424,indiana jones
911,82971,424,archaeology
912,82971,424,adventure
913,73486,424,jack nicholson
914,73486,424,emotional
915,71853,424,Monty Python
916,357413,424,Will Ferrell
917,123865,424,lesbian
918,81505,424,jack nicholson
919,81505,424,psychological
920,158983,424,controversial
921,158983,424,adult humor
922,133093,424,sci-fi
923,133093,424,martial arts
924,134273,424,Nicolas Cage
925,120586,424,thought-provoking
926,120770,424,SNL
927,63522,424,suspense
928,63522,424,scary
929,63522,424,paranoia
930,63522,424,creepy
931,63522,424,Atmospheric
932,138704,424,paranoid
933,138704,424,mindfuck
934,138704,424,mental illness
935,138704,424,hallucinatory
936,119217,424,inspirational
937,119174,424,twist ending
938,119174,424,suspense
939,119174,424,psychological
940,119174,424,plot twist
941,119174,424,Mystery
942,119174,424,mindfuck
943,101540,424,Robert De Niro
944,101540,424,Martin Scorsese
945,101540,424,Juliette Lewis
946,101540,424,horror
947,81505,424,suspense
948,81505,424,Stanley Kubrick
949,81505,424,masterpiece
950,81505,424,Horror
951,1392214,424,acting
952,110912,424,Quentin Tarantino
953,76759,424,classic sci-fi
954,76759,424,sci-fi
955,76759,424,space adventure
956,1170358,424,too long
957,76759,424,Star Wars
958,246578,424,jake gyllenhaal
959,209144,424,psychological
960,209144,424,mystery
961,1170358,424,Tolkien
962,1170358,424,fantasy
963,209144,424,twist ending
964,110912,424,cult film
965,338013,424,jim carrey
966,110912,424,Tarantino
967,108052,424,thought-provoking
968,110912,424,drugs
969,137523,435,dark comedy
970,468569,435,psychology
971,468569,435,superhero
972,57012,435,dark comedy
973,903624,439,Myth
974,167261,439,Myth
975,903624,439,Action
976,1276121,462,Cambodia
977,1276121,462,human rights
978,1276121,462,murder
979,1276121,462,procedural
980,1276121,462,crime
981,102517,474,football
982,91860,474,In Netflix queue
983,191636,474,death penalty
984,88000,474,college
985,100486,474,von Bulow
986,182000,474,homeless
987,182000,474,New York
988,251031,474,reality TV
989,236447,474,Eugene O'Neill
990,99073,474,In Netflix queue
991,59245,474,Bible
992,59245,474,religion
993,53793,474,preacher
994,53793,474,religion
995,91474,474,serial killer
996,60086,474,sexuality
997,91474,474,Hannibal Lecter
998,37800,474,In Netflix queue
999,85868,474,virginity
1000,39190,474,Christmas
1001,101605,474,In Netflix queue
1002,126029,474,fairy tales
1003,243155,474,singletons
1004,93389,474,China
1005,95953,474,autism
1006,97239,474,rasicm
1007,94921,474,New York
1008,94898,474,immigrants
1009,94898,474,Africa
1010,94744,474,circus
1011,94739,474,twins
1012,94608,474,rape
1013,227445,474,heist
1014,250494,474,lawyers
1015,16847,474,In Netflix queue
1016,82136,474,race
1017,203632,474,accident
1018,84805,474,men in drag
1019,48605,474,adultery
1020,45810,474,In Netflix queue
1021,234288,474,Holocaust
1022,94142,474,Strangers on a Train
1023,95647,474,rasicm
1024,95647,474,race
1025,77716,474,figure skating
1026,210727,474,In Netflix queue
1027,66011,474,death
1028,79638,474,Union
1029,55895,474,alcoholism
1030,211492,474,Nabokov
1031,227538,474,spying
1032,93589,474,demons
1033,82495,474,halloween
1034,82418,474,Jason
1035,190332,474,china
1036,217869,474,superhero
1037,170016,474,Dr. Seuss
1038,203230,474,family
1039,249462,474,ballet
1040,202641,474,In Netflix queue
1041,180093,474,drug abuse
1042,24184,474,invisibility
1043,168629,474,factory
1044,98213,474,General Motors
1045,98213,474,Michigan
1046,89853,474,In Netflix queue
1047,39689,474,memory
1048,190332,474,martial arts
1049,168629,474,blindness
1050,86423,474,music
1051,233687,474,televangelist
1052,233687,474,In Netflix queue
1053,106273,474,AIDs
1054,106273,474,In Netflix queue
1055,90756,474,sexuality
1056,90756,474,suburbia
1057,61852,474,Disney
1058,48280,474,Disney
1059,38975,474,disability
1060,55254,474,Disney
1061,86336,474,carnival
1062,86336,474,Ray Bradbury
1063,88206,474,superhero
1064,94291,474,business
1065,95927,474,stand-up comedy
1066,181536,474,writing
1067,83972,474,Jason
1068,87298,474,Jason
1069,89173,474,Jason
1070,91080,474,Jason
1071,89755,474,Africa
1072,85636,474,halloween
1073,84516,474,ghosts
1074,91778,474,ghosts
1075,95889,474,ghosts
1076,70047,474,demons
1077,120746,474,California
1078,93093,474,Tennessee Williams
1079,83907,474,zombies
1080,216800,474,psychopaths
1081,120746,474,Mexico
1082,96874,474,time travel
1083,47478,474,samurai
1084,49233,474,Quakers
1085,120202,474,movies
1086,190590,474,bluegrass
1087,212346,474,pageant
1088,94947,474,adultery
1089,95497,474,Bible
1090,200720,474,Edith Wharton
1091,95497,474,Katzanzakis
1092,120815,474,World War II
1093,97523,474,Disney
1094,120768,474,police
1095,120783,474,twins
1096,93209,474,In Netflix queue
1097,89755,474,adultery
1098,61811,474,racism
1099,82158,474,Olympics
1100,117571,474,slasher
1101,117571,474,spoof
1102,104691,474,Hawkeye
1103,104691,474,James Fennimore Cooper
1104,116477,474,Shakespeare
1105,118163,474,Conan
1106,116250,474,Andrew Lloyd Weber
1107,116506,474,In Netflix queue
1108,116506,474,Vietnam
1109,106387,474,mental illness
1110,116790,474,In Netflix queue
1111,118111,474,mockumentary
1112,119008,474,Mafia
1113,119432,474,jungle
1114,119528,474,lawyer
1115,118623,474,Tolstoy
1116,119229,474,hit men
1117,119229,474,reunion
1118,120032,474,reunion
1119,117615,474,ballroom dance
1120,115744,474,In Netflix queue
1121,119567,474,dinosaurs
1122,117359,474,death
1123,119094,474,transplants
1124,119654,474,aliens
1125,119173,474,military
1126,118571,474,president
1127,116621,474,Hemingway
1128,99810,474,Tom Clancy
1129,97815,474,baseball
1130,265029,474,Hollywood
1131,55824,474,lawyer
1132,74285,474,high school
1133,74285,474,prom
1134,74285,474,Stephen King
1135,13442,474,vampires
1136,75005,474,demons
1137,117057,474,personals ads
1138,115751,474,religion
1139,117731,474,Borg
1140,117666,474,ex-con
1141,117293,474,In Netflix queue
1142,117372,474,religion
1143,115988,474,Arthur Miller
1144,115433,474,dogs
1145,115433,474,remake
1146,102975,474,Klingons
1147,84726,474,Captain Kirk
1148,92007,474,whales
1149,103776,474,superhero
1150,77631,474,high school
1151,84021,474,high school
1152,73195,474,Shark
1153,85750,474,shark
1154,116695,474,sports
1155,93822,474,Coen Brothers
1156,105435,474,spying
1157,265029,474,movie business
1158,163025,474,dinosaurs
1159,119488,474,Police
1160,119349,474,1970s
1161,119280,474,England
1162,118849,474,In Netflix queue
1163,116141,474,generation X
1164,120902,474,conspiracy
1165,120780,474,heist
1166,91949,474,robots
1167,73540,474,Australia
1168,96018,474,hippies
1169,120591,474,space
1170,26752,474,ships
1171,37884,474,alcoholism
1172,39416,474,anti-Semitism
1173,39416,474,Judaism
1174,41113,474,Huey Long
1175,41113,474,In Netflix queue
1176,41113,474,Robert Penn Warren
1177,47296,474,boxing
1178,47296,474,coulda been a contender
1179,55614,474,Gangs
1180,88161,474,mermaid
1181,63385,474,Dickens
1182,64665,474,prostitution
1183,67116,474,drugs
1184,67116,474,police
1185,95687,474,aliens
1186,75148,474,boxing
1187,75148,474,sports
1188,79417,474,divorce
1189,116692,474,In Netflix queue
1190,120728,474,No DVD at Netflix
1191,120176,474,twist ending
1192,119942,474,politics
1193,119280,474,Queen Victoria
1194,118971,474,lawyers
1195,97778,474,babies
1196,120481,474,Henry James
1197,119177,474,future
1198,83131,474,military
1199,119978,474,In Netflix queue
1200,90329,474,Amish
1201,120148,474,alternate universe
1202,120382,474,TV
1203,120520,474,Henry James
1204,119668,474,Savannah
1205,97458,474,doctors
1206,82158,474,sports
1207,96928,474,time travel
1208,96163,474,remade
1209,120082,474,sequel
1210,120082,474,slasher
1211,120082,474,spoof
1212,120255,474,Canada
1213,96163,474,kidnapping
1214,120255,474,death
1215,120338,474,shipwreck
1216,118715,474,Coen Brothers
1217,119223,474,Charles Dickens
1218,118929,474,amnesia
1219,120888,474,1980s
1220,120661,474,In Netflix queue
1221,96320,474,twins
1222,98384,474,diabetes
1223,87050,474,Stephen King
1224,86066,474,S.E. Hinton
1225,80339,474,aviation
1226,80339,474,spoof
1227,94737,474,children
1228,119843,474,gambling
1229,102138,474,president
1230,107798,474,lawyers
1231,85334,474,Christmas
1232,138304,474,aliens
1233,58182,474,Beatles
1234,102138,474,politics
1235,90274,474,Peace Corp
1236,68473,474,river
1237,82348,474,England
1238,88889,474,Stephen King
1239,82348,474,King Arthur
1240,86200,474,prostitution
1241,72251,474,subway
1242,91217,474,basketball
1243,42276,474,remade
1244,97372,474,In Netflix queue
1245,55471,474,sexuality
1246,55471,474,adolescence
1247,185014,474,writing
1248,12349,474,orphans
1249,21749,474,blind
1250,18773,474,circus
1251,91042,474,High School
1252,86617,474,Academy award (Best Supporting Actress)
1253,56443,474,In Netflix queue
1254,86617,474,Indonesia
1255,129167,474,robots
1256,195685,474,scandal
1257,120915,474,the Force
1258,78346,474,superhero
1259,81573,474,superhero
1260,86393,474,superhero
1261,21884,474,In Netflix queue
1262,44121,474,aliens
1263,49366,474,1950s
1264,186508,474,In Netflix queue
1265,130827,474,alternate endings
1266,120370,474,Star Trek
1267,99052,474,spiders
1268,185937,474,claims to be true
1269,185937,474,video
1270,93818,474,radio
1271,77975,474,college
1272,87332,474,ghosts
1273,97428,474,Ghosts
1274,171363,474,remake
1275,132347,474,superhero
1276,49406,474,heist
1277,54331,474,crucifixion
1278,54331,474,Rome
1279,78718,474,lawyers
1280,54331,474,slavery
1281,91530,474,Missionary
1282,91530,474,Priest
1283,93818,474,nostalgia
1284,195685,474,true story
1285,120663,474,sexuality
1286,86617,474,journalism
1287,37558,474,adultery
1288,33804,474,gambling
1289,125664,474,Andy Kaufman
1290,65088,474,dance marathon
1291,61407,474,Shakespeare
1292,175880,474,L.A.
1293,67328,474,black-and-white
1294,120689,474,Stephen King
1295,79239,474,fatherhood
1296,172396,474,Graham Greene
1297,155711,474,men in drag
1298,87921,474,racism
1299,101889,474,homeless
1300,93010,474,adultery
1301,87781,474,sports
1302,177789,474,spoof
1303,87781,474,baseball
1304,32551,474,dust bowl
1305,55630,474,samurai
1306,86465,474,class
1307,79540,474,camp
1308,32551,474,depression
1309,96061,474,new york
1310,101669,474,memory
1311,96061,474,christmas
1312,162661,474,Ichabod Crane
1313,164312,474,Up series
1314,164312,474,In Netflix queue
1315,93565,474,New York
1316,94027,474,high school
1317,33045,474,remade
1318,174856,474,boxing
1319,181288,474,In Netflix queue
1320,140352,474,true story
1321,35169,474,screwball
1322,18773,474,big top
1323,46126,474,In Netflix queue
1324,38559,474,nightclub
1325,144801,474,sexuality
1326,52225,474,island
1327,104507,474,Vietnam
1328,134084,474,spoof
1329,119256,474,gambling
1330,134084,474,slasher
1331,104040,474,figure skating
1332,166896,474,brothers
1333,166896,474,lawn mower
1334,105812,474,basketball
1335,104454,474,E.M. Forster
1336,104231,474,Ireland
1337,104070,474,plastic surgery
1338,106246,474,In Netflix queue
1339,105417,474,nuns
1340,48977,474,evil children
1341,94924,474,Australia
1342,94924,474,a dingo ate my baby
1343,83929,474,high school
1344,169302,474,In Netflix queue
1345,120866,474,Shakespeare
1346,81633,474,time travel
1347,96438,474,live action/animation
1348,119698,474,anime
1349,140352,474,tobacco
1350,120915,474,prequel
1351,102250,474,weather forecaster
1352,37913,474,motherhood
1353,120797,474,golfing
1354,74486,474,In Netflix queue
1355,98258,474,Lloyd Dobbler
1356,100212,474,Mafia
1357,104257,474,court
1358,104257,474,military
1359,47673,474,Christmas
1360,99487,474,freaks
1361,120823,474,Screwball
1362,15864,474,mining
1363,89791,474,Pee Wee Herman
1364,63462,474,Broadway
1365,104952,474,court
1366,119670,474,adolescence
1367,86979,474,Coen Brothers
1368,189584,474,religion
1369,44837,474,In Netflix queue
1370,80487,474,golf
1371,48140,474,Gambling
1372,51383,474,1920s
1373,56687,474,show business
1374,90830,474,death penalty
1375,80678,474,freaks
1376,118799,474,Holocaust
1377,133952,474,terrorism
1378,171433,474,rabbi
1379,120484,474,football
1380,127536,474,England
1381,50783,474,In Netflix queue
1382,189584,474,business
1383,120623,474,Pixar
1384,102951,474,television
1385,95593,474,Mafia
1386,87469,474,archaeology
1387,77869,474,Tolkein
1388,85407,474,Stephen King
1389,85382,474,Stephen King
1390,101669,474,music
1391,84649,474,mice
1392,89276,474,missing children
1393,91790,474,1980s
1394,91790,474,high school
1395,120611,474,vampires
1396,119778,474,aquarium
1397,119778,474,Boston
1398,119778,474,personals ads
1399,98258,474,In Your Eyes
1400,44079,474,murder
1401,52561,474,court
1402,70666,474,police
1403,71360,474,spying
1404,77362,474,Vietnam
1405,42994,474,theater
1406,94226,474,Capone
1407,94226,474,gangsters
1408,37017,474,survival
1409,99726,474,Shakespeare
1410,36342,474,small towns
1411,34248,474,paranoia
1412,30341,474,train
1413,92699,474,journalism
1414,80310,474,court
1415,140888,474,South America
1416,171433,474,priest
1417,154420,474,In Netflix queue
1418,90555,474,Australia
1419,92493,474,Australia
1420,145893,474,food
1421,174852,474,Holocaust
1422,174852,474,Hungary
1423,151804,474,stapler
1424,151804,474,workplace
1425,123209,474,disability
1426,85333,474,Stephen King
1427,57261,474,island
1428,63442,474,twist ending
1429,57129,474,ghosts
1430,54443,474,evil children
1431,91605,474,religion
1432,56931,474,evil children
1433,191043,474,In Netflix queue
1434,147800,474,Shakespeare sort of
1435,61735,474,racism
1436,61735,474,prejudice
1437,61735,474,interracial marriage
1438,61735,474,Hepburn and Tracy
1439,28944,474,Pearl S Buck
1440,36775,474,Insurance
1441,99317,474,aardman
1442,97216,474,racism
1443,77975,474,TOGA
1444,151738,474,high school
1445,126250,474,southern US
1446,49408,474,Siam
1447,91877,474,kidnapping
1448,150915,474,In Netflix queue
1449,27977,474,factory
1450,147004,474,In Netflix queue
1451,120324,474,heist
1452,120794,474,Bible
1453,102713,474,psychiatrist
1454,98067,474,families
1455,120794,474,Moses
1456,138097,474,England
1457,84602,474,boxing
1458,89927,474,boxing
1459,100507,474,boxing
1460,183503,474,alternate endings
1461,122459,474,transplants
1462,63374,474,In Netflix queue
1463,74958,474,journalism
1464,107630,474,death
1465,77928,474,In Netflix queue
1466,102057,474,Peter Pan
1467,43924,474,class
1468,53946,474,religion
1469,53946,474,evolution
1470,53946,474,court
1471,54997,474,pool
1472,87538,474,martial arts
1473,91326,474,martial arts
1474,97647,474,martial arts
1475,97958,474,christmas
1476,128853,474,e-mail
1477,128853,474,remake
1478,129290,474,doctors
1479,120907,474,virtual reality
1480,235327,474,Amtrak
1481,265591,474,disability
1482,98536,474,dogs
1483,48424,474,good and evil
1484,27652,474,revenge
1485,29604,474,show business
1486,31867,474,In Netflix queue
1487,32701,474,In Netflix queue
1488,35238,474,made me cry
1489,91167,474,family
1490,40525,474,mirrors
1491,41587,474,In Netflix queue
1492,56264,474,Not available from Netflix
1493,58946,474,In Netflix queue
1494,60138,474,donkey
1495,19254,474,saint
1496,15881,474,gold
1497,27075,474,Dickens
1498,86567,474,Cold War
1499,50307,474,Hepburn and Tracy
1500,67023,474,In Netflix queue
1501,97814,474,anime
1502,104652,474,In Netflix queue
1503,347618,474,In Netflix queue
1504,351817,474,In Netflix queue
1505,366777,474,religion
1506,366777,474,saints
1507,373861,474,Animal movie
1508,373861,474,camels
1509,376968,474,fatherhood
1510,377091,474,revenge
1511,48452,474,religion
1512,391024,474,journalism
1513,72272,474,In Netflix queue
1514,385004,474,martial arts
1515,299977,474,martial arts
1516,53146,474,In Netflix queue
1517,87892,474,E.M. Forster
1518,30637,474,George Bernard Shaw
1519,31455,474,disability
1520,58586,474,Clousseau
1521,72417,474,In Netflix queue
1522,40724,474,cattle drive
1523,67372,474,Shakespeare
1524,67372,474,In Netflix queue
1525,55798,474,prison
1526,55798,474,birds
1527,31210,474,terminal illness
1528,37120,474,horses
1529,28333,474,Astaire and Rogers
1530,26942,474,Astaire and Rogers
1531,27630,474,Astaire and Rogers
1532,24025,474,Astaire and Rogers
1533,102443,474,In Netflix queue
1534,107156,474,In Netflix queue
1535,375063,474,wine
1536,383694,474,abortion
1537,350258,474,biopic
1538,317705,474,Disney
1539,317705,474,superhero
1540,100404,474,Scott Turow
1541,100404,474,court
1542,308644,474,Peter Pan
1543,390299,474,Hearst
1544,388789,474,India
1545,389326,474,surfing
1546,405159,474,boxing
1547,395169,474,genocide
1548,61809,474,crime
1549,61809,474,Capote
1550,61809,474,black and white
1551,66344,474,Christmas
1552,102768,474,amnesia
1553,210070,474,werewolf
1554,102945,474,domestic violence
1555,85959,474,british comedy
1556,92603,474,Food
1557,109129,474,pregnancy
1558,74119,474,Watergate
1559,74119,474,journalism
1560,89424,474,In Netflix queue
1561,47472,474,Lonesome Polecat
1562,282674,474,India
1563,286244,474,biking
1564,314412,474,terminal illness
1565,314412,474,adultery
1566,309820,474,religion
1567,327137,474,Animal movie
1568,89730,474,vampire
1569,64418,474,matchmaker
1570,70510,474,In Netflix queue
1571,291350,474,In Netflix queue
1572,246592,474,vertriloquism
1573,325805,474,fatherhood
1574,325805,474,con men
1575,44741,474,terminal illness
1576,235060,474,In Netflix queue
1577,61809,474,death penalty
1578,23027,474,Marx brothers
1579,72281,474,In Netflix queue
1580,408664,474,orphans
1581,367594,474,roald dahl
1582,338751,474,biopic
1583,338751,474,Howard Hughes
1584,338751,474,movie business
1585,293088,474,Amish
1586,343121,474,rap
1587,343121,474,music business
1588,101862,474,wedding
1589,101862,474,remake
1590,319343,474,christmas
1591,323944,474,journalism
1592,48956,474,India
1593,34409,474,Rita Hayworth can dance!
1594,325655,474,transplants
1595,363589,474,violence in america
1596,363589,474,adolescence
1597,311648,474,Thanksgiving
1598,266697,474,revenge
1599,266697,474,martial arts
1600,327056,474,kidnapping
1601,327056,474,child abuse
1602,340377,474,trains
1603,332379,474,school
1604,35575,474,biopic
1605,61809,474,murder
1606,361127,474,child abuse
1607,385267,474,busniess
1608,379889,474,Shakespeare
1609,40458,474,motherhood
1610,288330,474,marriage
1611,41090,474,Hepburn and Tracy
1612,26778,474,Marx brothers
1613,26778,474,opera
1614,276919,474,Grace
1615,235327,474,independent
1616,235327,474,New York
1617,235327,474,Sundance award winner
1618,235327,474,Train
1619,86637,474,psychology
1620,301357,474,Cold War
1621,335345,474,religion
1622,338564,474,police
1623,87003,474,show business
1624,343168,474,politics
1625,374546,474,In Netflix queue
1626,308379,474,remade
1627,60522,474,In Netflix queue
1628,47849,474,In Netflix queue
1629,49456,474,Van Gogh
1630,26174,474,swashbuckler
1631,85478,474,In Netflix queue
1632,47445,474,Not available from Netflix
1633,57840,474,In Netflix queue
1634,64030,474,Anne Boleyn
1635,52893,474,In Netflix queue
1636,69947,474,assassination
1637,22111,474,heist
1638,14429,474,Clock
1639,87957,474,Prince
1640,17765,474,In Netflix queue
1641,46816,474,military
1642,39192,474,convent
1643,326977,474,adolescence
1644,42619,474,religion
1645,326977,474,crime
1646,380615,474,Holocaust
1647,57565,474,In Netflix queue
1648,41699,474,In Netflix queue
1649,39853,474,Nick and Nora Charles
1650,27260,474,Nick and Nora Charles
1651,34172,474,Nick and Nora Charles
1652,37365,474,Nick and Nora Charles
1653,31047,474,Nick and Nora Charles
1654,71970,474,In Netflix queue
1655,328802,474,terrorism
1656,50613,474,MacBeth
1657,59592,474,In Netflix queue
1658,38854,474,adultery
1659,61439,474,King Arthur
1660,34587,474,sexuality
1661,45012,474,sports
1662,45012,474,Hepburn and Tracy
1663,46268,474,In Netflix queue
1664,120711,474,space station
1665,259153,474,Stephen King
1666,56241,474,deaf
1667,56241,474,blindness
1668,103939,474,In Netflix queue
1669,103939,474,biopic
1670,48445,474,Rogers and Hammerstein
1671,35567,474,marriage
1672,35567,474,Hepburn and Tracy
1673,243664,474,cancer
1674,51077,474,multiple personalities
1675,36515,474,World War II
1676,378194,474,revenge
1677,25919,474,In Netflix queue
1678,39192,474,religion
1679,298148,474,ogres
1680,333766,474,psychology
1681,60438,474,Rome
1682,337960,474,Australia
1683,83652,474,Stand Up
1684,71115,474,In Netflix queue
1685,365748,474,zombies
1686,44509,474,alcoholism
1687,44509,474,marriage
1688,71877,474,Agatha Christie
1689,33149,474,truckers
1690,36244,474,In Netflix queue
1691,71877,474,Oscar (Best Supporting Actress)
1692,71877,474,train
1693,89560,474,disability
1694,39302,474,amnesia
1695,390384,474,time travel
1696,46874,474,Oscar (Best Actress)
1697,390538,474,parenthood
1698,390538,474,psychology
1699,340012,474,stage
1700,41498,474,men in drag
1701,41498,474,cross dressing
1702,65911,474,Charlotte Bronte
1703,159365,474,Civil War
1704,340855,474,serial killer
1705,315983,474,real estate
1706,317910,474,Vietnam
1707,342804,474,In Netflix queue
1708,298845,474,immigrants
1709,35432,474,In Netflix queue
1710,40662,474,Dickens
1711,64840,474,Oscar (Best Actress)
1712,39169,474,court
1713,332375,474,pregnancy
1714,332375,474,religion
1715,304141,474,Magic
1716,304141,474,Wizards
1717,391225,474,politics
1718,374900,474,high school
1719,85461,474,In Netflix queue
1720,93175,474,death
1721,20827,474,divorce
1722,41841,474,World War II
1723,40495,474,deafness
1724,390521,474,food
1725,390521,474,McDonalds
1726,22913,474,circus
1727,377752,474,Ireland
1728,99851,474,fairy tales
1729,99851,474,In Netflix queue
1730,388473,474,In Netflix queue
1731,14341,474,In Netflix queue
1732,361596,474,politics
1733,361596,474,terrorism
1734,316654,474,Doc Ock
1735,42619,474,priest
1736,328538,474,adolescence
1737,379557,474,mountain climbing
1738,47528,474,circus
1739,381681,474,generation X
1740,390221,474,drugs
1741,390221,474,immigrants
1742,38776,474,Cole Porter
1743,40202,474,In Netflix queue
1744,424565,474,birds
1745,424565,474,parrots
1746,295297,474,Wizards
1747,295297,474,Magic
1748,297884,474,salute to Douglas Sirk
1749,58756,474,teenagers
1750,299117,474,dating
1751,120679,474,art
1752,82432,474,World War I
1753,82175,474,Judaism
1754,82175,474,In Netflix queue
1755,95327,474,orphans
1756,95327,474,made me cry
1757,296166,474,Girl Power
1758,252480,474,Holocaust
1759,272338,474,pudding
1760,310793,474,violence in america
1761,35211,474,Lou Gehrig
1762,35211,474,baseball
1763,246677,474,bombs
1764,289765,474,Hannibal Lecter
1765,298388,474,Bible
1766,245429,474,anime
1767,44829,474,heist
1768,44829,474,crime
1769,39111,474,Animal movie
1770,280760,474,adolescence
1771,90966,474,homeless
1772,265459,474,psychopaths
1773,265459,474,photography
1774,256276,474,books
1775,314725,474,music business
1776,256276,474,AS Byatt
1777,295238,474,short films
1778,287467,474,coma
1779,59573,474,blind
1780,78872,474,horses
1781,291579,474,obsession
1782,299458,474,adolescence
1783,300471,474,England
1784,84352,474,spoof
1785,84335,474,South America
1786,84335,474,politics
1787,84335,474,Chile
1788,84210,474,ghosts
1789,303361,474,doll
1790,280653,474,In Netflix queue
1791,52918,474,race
1792,52918,474,motherhood
1793,101748,474,In Netflix queue
1794,26056,474,class
1795,290538,474,television
1796,282698,474,widows/widowers
1797,282698,474,planes
1798,282698,474,drugs
1799,309912,474,Dickens
1800,299658,474,murder
1801,299658,474,jazz
1802,299658,474,court
1803,264464,474,crime
1804,96283,474,anime
1805,307901,474,nightclub
1806,307901,474,crime
1807,58777,474,Africa
1808,258068,474,Graham Greene
1809,59573,474,blindness
1810,279113,474,younger men
1811,286106,474,aliens
1812,86619,474,cross dressing
1813,51201,474,court
1814,51201,474,Agatha Christie
1815,51525,474,racism
1816,101452,474,time travel
1817,265666,474,new york
1818,211915,474,whimsical
1819,20697,474,singers
1820,20697,474,nightclub
1821,37515,474,In Netflix queue
1822,240772,474,heist
1823,35140,474,psychology
1824,256009,474,ghosts
1825,243133,474,Coen Brothers
1826,272152,474,psychiatrist
1827,272152,474,aliens
1828,67093,474,Tradition!
1829,67093,474,Judaism
1830,80549,474,Loretta Lynn
1831,240890,474,wedding
1832,91993,474,space
1833,91993,474,NASA
1834,86312,474,union
1835,86312,474,Nuclear disaster
1836,108473,474,remake
1837,33836,474,family
1838,102316,474,prodigies
1839,101465,474,In Netflix queue
1840,98546,474,television
1841,86619,474,Judaism
1842,279113,474,adultery
1843,285742,474,race
1844,245844,474,Dumas
1845,58888,474,In Netflix queue
1846,303353,474,movie business
1847,65234,474,In Netflix queue
1848,44744,474,Oscar Wilde
1849,265591,474,mental illness
1850,235327,474,Homeless
1851,258273,474,women
1852,258273,474,sisterhood
1853,252444,474,Australia
1854,181689,474,future
1855,90570,474,books
1856,56406,474,boxing
1857,247199,474,Judaism
1858,247199,474,anti-Semitism
1859,276751,474,Nick Hornby
1860,68326,474,blind
1861,145487,474,superhero
1862,157583,474,World War II
1863,38890,474,In Netflix queue
1864,264616,474,religion
1865,258000,474,crime
1866,81420,474,In Netflix queue
1867,282864,474,In Netflix queue
1868,81268,474,religion
1869,74174,474,baseball
1870,265343,474,India
1871,69281,474,In Netflix queue
1872,44391,474,movie business
1873,245844,474,revenge
1874,103129,474,Ghost
1875,162346,474,adolescence
1876,59573,474,race
1877,43961,474,Stephen Crane
1878,325980,474,swashbuckler
1879,165982,474,swashbuckler
1880,361715,474,In Netflix queue
1881,387131,474,Africa
1882,387131,474,business
1883,333780,474,politics
1884,387131,474,politics
1885,377107,474,mathematics
1886,404030,474,In Netflix queue
1887,436971,474,In Netflix queue
1888,399146,474,In Netflix queue
1889,380599,474,Dickens
1890,379725,474,Truman Capote
1891,312004,474,06 Oscar Nominated Best Movie - Animation
1892,312004,474,Aardman
1893,367089,474,divorce
1894,395972,474,courtroom drama
1895,48947,474,In Netflix queue
1896,29808,474,fugitive
1897,102456,474,In Netflix queue
1898,100211,474,Nazis
1899,395972,474,In Netflix queue
1900,433383,474,In Netflix queue
1901,433383,474,journalism
1902,433383,474,McCarthy hearings
1903,433383,474,Morrow
1904,365737,474,In Netflix queue
1905,414387,474,In Netflix queue
1906,330373,474,Magic
1907,361715,474,Animal movie
1908,330373,474,Wizards
1909,300015,474,Dodie Smith
1910,427312,474,Animal movie
1911,357110,474,fatherhood
1912,413845,474,business
1913,120472,474,FBI
1914,57413,474,Clousseau
1915,413845,474,money
1916,413845,474,scandal
1917,375679,474,racism
1918,40725,474,ballet
1919,41546,474,murder
1920,41546,474,multiple roles
1921,41546,474,family
1922,62467,474,blindness
1923,121766,474,space
1924,121766,474,space opera
1925,410097,474,hip hop
1926,60453,474,pregnancy
1927,90103,474,road trip
1928,305206,474,cancer
1929,58715,474,Bible
1930,39335,474,Othello
1931,314630,474,marriage
1932,412019,474,In Netflix queue
1933,318411,474,religion
1934,43362,474,In Netflix queue
1935,418773,474,pregnancy
1936,55256,474,Japan
1937,329575,474,horses
1938,301199,474,immigration
1939,322659,474,flood
1940,427312,474,bears
1941,43961,474,Civil War
1942,358273,474,Johnny Cash
1943,408306,474,In Netflix queue
1944,301727,474,birds
1945,311289,474,children
1946,310281,474,mockumentary
1947,300140,474,prostitution
1948,297144,474,Titanic
1949,280477,474,gangs
1950,311519,474,amnesia
1951,183649,474,crime
1952,42593,474,L.A.
1953,334416,474,Big Brothers
1954,316188,474,adolescence
1955,28597,474,screwball
1956,65054,474,prostitution
1957,96028,474,In Netflix queue
1958,178868,474,television
1959,99699,474,immigrants
1960,99776,474,World War II
1961,99776,474,Holocaust
1962,60182,474,lions
1963,60182,474,animal movie
1964,35417,474,In Netflix queue
1965,286499,474,soccer
1966,161860,474,World War II
1967,91374,474,England
1968,278731,474,mental illness
1969,324080,474,Stones of Summer
1970,324080,474,books
1971,53172,474,sexuality
1972,53172,474,Day and Hudson
1973,60390,474,Ray Bradbury
1974,363771,474,C.S. Lewis
1975,91396,474,lawyers
1976,342275,474,movies
1977,51878,474,In Netflix queue
1978,101410,474,movie business
1979,59711,474,Civil War
1980,61170,474,Tokyo
1981,395251,474,In Netflix queue
1982,433116,474,In Netflix queue
1983,56869,474,birds
1984,61170,474,Olympics
1985,50972,474,Ninotchka remake
1986,298228,474,Girl Power
1987,342172,474,child abuse
1988,317740,474,heist
1989,266543,474,fish
1990,266543,474,Disney
1991,304081,474,They Might Be Giants
1992,304081,474,In Netflix queue
1993,315327,474,religion
1994,281724,474,movies
1995,92067,474,anime
1996,308878,474,art
1997,301414,474,trains
1998,285861,474,gambling
1999,290145,474,teachers
2000,290334,474,Wolverine
2001,290334,474,superhero
2002,290334,474,Rogue
2003,290334,474,Magneto
2004,290334,474,Jean Grey
2005,334405,474,spelling bee
2006,342275,474,1970s
2007,98635,474,New York
2008,22879,474,Hemingway
2009,73341,474,India
2010,106977,474,based on a TV show
2011,106918,474,John Grisham
2012,106673,474,President
2013,109306,474,Oscar (Best Actress)
2014,109306,474,mental illness
2015,109279,474,horses
2016,110074,474,hula hoop
2017,106226,474,Edith Wharton
2018,111503,474,spies
2019,111257,474,bus
2020,110771,474,journalism
2021,107472,474,In Netflix queue
2022,107472,474,Holocaust
2023,110167,474,gambling
2024,111693,474,alcoholism
2025,109831,474,wedding
2026,107206,474,assassination
2027,108551,474,biopic
2028,105275,474,Australia
2029,110971,474,military
2030,107943,474,Housekeeper
2031,107943,474,Butler
2032,110939,474,show business
2033,110939,474,radio
2034,107207,474,Ireland
2035,107818,474,AIDs
2036,107614,474,divorce
2037,107614,474,cross dressing
2038,107616,474,Shakespeare
2039,107468,474,sexuality
2040,107468,474,Japan
2041,107290,474,Dinosaur
2042,107614,474,men in drag
2043,105275,474,racism
2044,109830,474,Vietnam
2045,109484,474,interracial romance
2046,110932,474,TV
2047,110729,474,In Netflix queue
2048,110638,474,twins
2049,110638,474,disability
2050,113870,474,prison
2051,113896,474,In Netflix queue
2052,108394,474,Death
2053,110527,474,Christmas
2054,110428,474,England
2055,113670,474,India
2056,113670,474,Girl Power
2057,113670,474,England
2058,110367,474,Louisa May Alcott
2059,113501,474,court
2060,110428,474,mental illness
2061,109830,474,shrimp
2062,111507,474,marriage
2063,111070,474,Christmas
2064,109446,474,John Grisham
2065,109444,474,Tom Clancy
2066,109045,474,remade
2067,109045,474,men in drag
2068,109045,474,cross dressing
2069,110598,474,Australia
2070,111282,474,time travel
2071,114924,474,coma
2072,108550,474,mental illness
2073,111280,474,Enterprise
2074,110081,474,In Netflix queue
2075,111161,474,wrongful imprisonment
2076,111161,474,Stephen King
2077,111161,474,prison
2078,114857,474,serial killer
2079,105275,474,violence
2080,108002,474,football
2081,108065,474,chess
2082,52357,474,falling
2083,54698,474,Capote
2084,43278,474,France
2085,45152,474,movie business
2086,32904,474,divorce
2087,117991,474,Shakespeare
2088,47396,474,voyeurism
2089,68646,474,Mafia
2090,116191,474,Jane Austen
2091,117438,474,kidnapping
2092,116313,474,adultery
2093,118073,474,based on a TV show
2094,117913,474,John Grisham
2095,116905,474,In Netflix queue
2096,117918,474,golf
2097,116629,474,aliens
2098,25316,474,Screwball
2099,25164,474,divorce
2100,31381,474,Civil War
2101,32138,474,Toto
2102,32138,474,Dorothy
2103,37059,474,1900s
2104,46250,474,royalty
2105,46250,474,Italy
2106,36855,474,Brooch
2107,47437,474,rich guy - poor girl
2108,33870,474,statue
2109,34583,474,start of a beautiful friendship
2110,56923,474,heist
2111,53291,474,men in drag
2112,53604,474,adultery
2113,53125,474,Mount Rushmore
2114,58385,474,George Bernard Shaw
2115,115571,474,aliens
2116,112691,474,Aardman
2117,117998,474,Disaster
2118,99348,474,American Indians
2119,103639,474,Disney
2120,99653,474,overrated
2121,99785,474,christmas
2122,114906,474,adolescence
2123,108515,474,politics
2124,99348,474,Native Americans
2125,107688,474,Halloween
2126,108174,474,beat poetry
2127,108160,474,Empire State Building
2128,108149,474,race
2129,108122,474,large cast
2130,108101,474,C.S. Lewis
2131,108071,474,In Netflix queue
2132,107688,474,Christmas
2133,96895,474,superhero
2134,102926,474,Hannibal Lector
2135,29583,474,Disney
2136,117500,474,Alcatraz
2137,112701,474,In Netflix queue
2138,118114,474,Aardman
2139,117979,474,Veterinarian
2140,117705,474,Bugs Bunny
2141,117128,474,spoof
2142,52572,474,India
2143,48473,474,India
2144,117060,474,based on a TV show
2145,115956,474,Gulf War
2146,113448,474,babies
2147,65421,474,Disney
2148,100405,474,prostitution
2149,32910,474,Disney
2150,101414,474,Disney
2151,110099,474,Einstein
2152,84370,474,television
2153,110116,474,Beethoven
2154,110057,474,basketball
2155,82971,474,indiana jones
2156,82971,474,ark of the covenant
2157,82971,474,archaeology
2158,73486,474,mental illness
2159,71853,474,King Arthur
2160,71853,474,England
2161,90605,474,space
2162,105236,474,violence
2163,117381,474,priest
2164,116282,474,Coen Brothers
2165,103064,474,robots
2166,83658,474,robots
2167,109445,474,generation X
2168,114814,474,heist
2169,105236,474,heist
2170,114369,474,serial killer
2171,54215,474,Norman Bates
2172,81505,474,Stephen King
2173,137523,474,violence
2174,241527,474,Magic
2175,241527,474,Wizards
2176,120655,474,religion
2177,133093,474,alternate universe
2178,120586,474,racism
2179,88247,474,robots
2180,63522,474,demons
2181,159097,474,suicide
2182,309530,474,retro
2183,110413,474,hit men
2184,138704,474,mathematics
2185,119174,474,twist ending
2186,101540,474,remake
2187,159097,474,1970s
2188,134119,474,Europe
2189,114746,474,time travel
2190,212720,474,robots
2191,117951,474,drug abuse
2192,379786,474,Firefly
2193,289043,474,zombies
2194,181865,474,based on a TV show
2195,335266,474,Japan
2196,92099,474,Navy
2197,307197,474,crime
2198,108052,474,Holocaust
2199,154506,474,black and white
2200,64115,474,crime
2201,120903,474,superhero
2202,209144,474,Backwards. memory
2203,246578,474,time travel
2204,338013,474,memory
2205,116483,474,golf
2206,377092,474,High School
2207,110357,474,Disney
2208,88258,474,mockumentary
2209,167404,474,I see dead people
2210,167404,474,ghosts
2211,117509,474,Shakespeare
2212,112697,474,Jane Austen
2213,112697,474,Emma
2214,352248,474,boxing
2215,88258,474,heavy metal
2216,97165,474,High School
2217,114709,474,pixar
2218,181875,474,Rolling Stone
2219,181875,474,music
2220,181875,474,journalism
2221,146882,474,Nick Hornby
2222,88258,474,music
2223,112462,474,superhero
2224,134119,474,murder
2225,218839,474,Dogs
2226,120737,474,Tolkein
2227,112384,474,moon
2228,118055,474,journalism
2229,103859,474,dating
2230,112373,474,Holocaust
2231,75314,474,assassination
2232,117110,474,muppets
2233,112384,474,NASA
2234,115734,474,crime
2235,117002,474,Jekyll and Hyde
2236,113862,474,music
2237,110877,474,writing
2238,113819,474,prostitution
2239,113819,474,adoption
2240,113347,474,wedding
2241,113403,474,theater
2242,114681,474,Journalism
2243,112384,474,space
2244,112740,474,submarine
2245,113097,474,infertility
2246,113097,474,France
2247,113097,474,basketball
2248,109707,474,movie business
2249,111797,474,In Netflix queue
2250,109642,474,Stephen King
2251,112715,474,Michael Crichton
2252,112883,474,psychology
2253,112679,474,Ireland
2254,112508,474,school
2255,112471,474,generation X
2256,58450,474,Made me cry
2257,113957,474,computers
2258,109508,474,In Netflix queue
2259,112883,474,mental illness
2260,114272,474,England
2261,114279,474,Shakespeare
2262,112749,474,South Africa
2263,112346,474,president
2264,112346,474,politics
2265,114319,474,remake
2266,113041,474,remake
2267,113041,474,pregnancy
2268,167261,474,Tolkein
2269,113987,474,politics
2270,119738,474,weddings
2271,361862,474,psychology
2272,317248,474,violence
2273,317248,474,photography
2274,317248,474,crime
2275,42876,474,samurai
2276,42876,474,In Netflix queue
2277,57012,474,Atomic bomb
2278,113987,474,president
2279,112641,474,Mafia
2280,114388,474,Jane Austen
2281,112749,474,In Netflix queue
2282,113442,474,twins
2283,112818,474,Nun
2284,112818,474,death penalty
2285,112431,474,pigs
2286,112431,474,Animal movie
2287,112792,474,teacher
2288,112792,474,high school
2289,112682,474,kidnapping
2290,114117,474,Jane Austen
2291,114117,474,In Netflix queue
2292,114057,474,Shakespeare
2293,113627,474,alcoholism
2294,112722,474,serial killer
2295,113161,474,Hollywood
2296,110005,474,Australia
2297,43014,474,movies
2298,110598,474,weddings
2299,79470,474,religion
2300,117887,474,Music
2301,29546,474,Astaire and Rogers
2302,39286,474,anti-Semitism
2303,55018,474,governess
2304,95159,474,fish
2305,79470,474,Bible
2306,79470,474,parody
2307,100263,474,hit men
2308,84865,474,cross dressing
2309,68334,474,politics
2310,50212,474,POW
2311,61418,474,1920s
2312,92890,474,dance
2313,92890,474,music
2314,61722,474,Simon and Garfunkel
2315,91763,474,Vietnam
2316,101761,474,1960s
2317,101761,474,Jim Morrison
2318,101761,474,music
2319,84707,474,Holocaust
2320,100150,474,Mafia
2321,79522,474,black and white
2322,61418,474,gangsters
2323,71315,474,incest
2324,117589,474,In Netflix queue
2325,59742,474,Rogers and Hammerstein
2326,34012,474,adoption
2327,26029,474,fugitive
2328,63350,474,zombies
2329,43265,474,missionary
2330,46414,474,crime
2331,51459,474,Tennessee Williams
2332,33891,474,journalism
2333,116329,474,Animal movie
2334,115678,474,food
2335,115862,474,death penalty
2336,115862,474,John Grisham
2337,64603,474,Disney
2338,64603,474,race
2339,55277,474,twins
2340,42332,474,Disney
2341,57546,474,Disney
2342,57546,474,King Arthur
2343,58331,474,Disney
2344,58331,474,nanny
2345,33563,474,Disney
2346,76538,474,Disney
2347,43274,474,Disney
2348,82406,474,Disney
2349,100519,474,Shakespeare sort of
2350,29947,474,screwball
2351,97441,474,Civil War
2352,121164,474,06 Oscar Nominated Best Movie - Animation
2353,82096,474,submarine
2354,86197,474,space
2355,86197,474,NASA
2356,75686,474,New York
2357,81398,474,boxing
2358,86879,474,Salieri
2359,80684,474,I am your father
2360,80684,474,space
2361,80684,474,space opera
2362,86879,474,Mozart
2363,70735,474,The Entertainer
2364,97499,474,Shakespeare
2365,64116,474,spaghetti western
2366,78788,474,Vietnam
2367,56592,474,racism
2368,56592,474,Harper Lee
2369,66921,474,brainwashing
2370,93779,474,Inigo Montoya
2371,93779,474,six-fingered man
2372,60196,474,spaghetti western
2373,50083,474,court
2374,56172,474,Middle East
2375,104361,474,moon
2376,96257,474,police
2377,96257,474,In Netflix queue
2378,105488,474,dance
2379,373469,474,In Netflix queue
2380,50976,474,death
2381,83866,474,aliens
2382,48545,474,1950s
2383,48545,474,adolescence
2384,44081,474,Tennessee Williams
2385,82846,474,aging
2386,72081,474,Clousseau
2387,81375,474,military
2388,118147,474,boxing
2389,118147,474,In Netflix queue
2390,108598,474,Aardman
2391,103850,474,politics
2392,101811,474,Italy
2393,50825,474,court
2394,50825,474,military
2395,99703,474,crime
2396,116209,474,adultery
2397,97937,474,In Netflix queue
2398,50976,474,chess
2399,67185,474,May-December romance
2400,105107,474,disability
2401,105488,474,Australia
2402,347149,474,In Netflix queue
2403,29947,474,leopard
2404,117039,474,Ireland
2405,38650,474,Christmas
2406,93058,474,Vietnam
2407,91867,474,E. M. Forster
2408,87553,474,Cambodia
2409,31679,474,Politics
2410,87553,474,Vietnam
2411,49223,474,Shakespeare sort of
2412,49223,474,space
2413,89881,474,samurai
2414,86190,474,darth vader
2415,78748,474,aliens
2416,113497,474,game
2417,112573,474,Scotland
2418,120363,474,Pixar
2419,71562,474,Mafia
2420,167260,474,Tolkein
2421,22100,474,serial killer
2422,78841,474,television
2423,42192,474,Hollywood
2424,253474,474,Holocaust
2425,32143,474,divorce
2426,80455,474,Saturday Night Live
2427,57115,474,POW
2428,97576,474,Holy Grail
2429,97576,474,archaeology
2430,97493,474,high school
2431,38355,474,Hammett
2432,44706,474,gunfight
2433,32455,474,Disney
2434,32553,474,Nazis
2435,101640,474,In Netflix queue
2436,83987,474,India
2437,72431,474,spoof
2438,61512,474,prison
2439,66206,474,World War II
2440,88763,474,time travel
2441,36613,474,murder
2442,56218,474,brainwashing
2443,56218,474,assassination
2444,105695,474,revenge
2445,77416,474,Vietnam
2446,99334,474,In Netflix queue
2447,99685,474,Mafia
2448,92005,474,Stephen King
2449,32484,474,Europe
2450,86190,474,luke skywalker
2451,28010,474,screwball
2452,62622,474,space
2453,88794,474,skiing
2454,32976,474,Mrs. DeWinter
2455,62622,474,Hal
2456,28010,474,homeless
2457,31725,474,Russia
2458,28010,474,butler
2459,347149,474,06 Oscar Nominated Best Movie - Animation
2460,33467,474,Rosebud
2461,43456,474,aliens
2462,51658,474,prostitution
2463,29843,474,swashbuckler
2464,32762,474,swashbuckler
2465,39420,474,ghosts
2466,40897,474,Cold
2467,29162,474,Shangri-La
2468,31725,474,Cold War
2469,76759,474,space opera
2470,32484,474,journalism
2471,32484,474,war
2472,38787,474,assassination
2473,38109,474,amnesia
2474,42451,474,wedding
2475,76759,474,darth vader
2476,41959,474,zither
2477,76759,474,luke skywalker
2478,27125,474,Astaire and Rogers
2479,41959,474,Venice
2480,97351,474,baseball
2481,48960,474,race
2482,41959,474,ferris wheel
2483,86190,474,space opera
2484,32599,474,Screwball
2485,25878,474,Nick and Nora Charles
2486,49261,474,oil
2487,110912,474,hit men
2488,499549,477,superficial plot
2489,93773,477,macho
2490,93773,477,dialogue
2491,93773,477,guns
2492,93773,477,Jesse Ventura
2493,1375666,477,dreamlike
2494,93773,477,sci-fi
2495,93773,477,scifi cult
2496,438488,477,FIGHTING THE SYSTEM
2497,499549,477,poor dialogue
2498,499549,477,sci-fi
2499,93773,477,Arnold Schwarzenegger
2500,499549,477,bad science
2501,499549,477,military
2502,1055369,477,ridiculous
2503,499549,477,unoriginal
2504,1055369,477,Shia LaBeouf
2505,1055369,477,stop using useless characters for filler
2506,1055369,477,plot holes
2507,1055369,477,needed more autobots
2508,1055369,477,Michael Bay
2509,1055369,477,bad plot
2510,1022603,477,artistic
2511,1022603,477,Funny
2512,1022603,477,humorous
2513,1022603,477,inspiring
2514,1022603,477,intelligent
2515,438488,477,franchise
2516,1022603,477,quirky
2517,438488,477,sequel
2518,438488,477,sci-fi
2519,438488,477,robots
2520,1022603,477,romance
2521,1022603,477,Zooey Deschanel
2522,1136608,477,intelligent sci-fi
2523,1161418,477,bad humor
2524,438488,477,post-apocalyptic
2525,438488,477,new composer
2526,93773,477,aliens
2527,499549,477,futuristic
2528,499549,477,graphic design
2529,499549,477,James Cameron
2530,169880,477,Recap
2531,499549,477,white guilt
2532,43014,477,movie business
2533,446029,477,Michael Cera
2534,114746,477,Bruce Willis
2535,114746,477,Brad Pitt
2536,887883,477,weird
2537,887883,477,twists & turns
2538,887883,477,satire
2539,887883,477,John Malkovich
2540,887883,477,George Clooney
2541,887883,477,espionage
2542,887883,477,dark comedy
2543,887883,477,Coen Brothers
2544,887883,477,Coen Bros
2545,887883,477,Brad Pitt
2546,458525,477,too many characters
2547,458525,477,Ryan Reynolds
2548,114746,477,mindfuck
2549,458525,477,hugh jackman
2550,458525,477,bad plot
2551,116483,477,Adam Sandler
2552,209144,477,mystery
2553,209144,477,twist ending
2554,338013,477,surreal
2555,338013,477,love
2556,338013,477,Jim Carrey
2557,338013,477,imagination
2558,338013,477,cult film
2559,246578,477,thought-provoking
2560,246578,477,teen
2561,246578,477,social commentary
2562,246578,477,psychology
2563,246578,477,mental illness
2564,458525,477,comic book
2565,446029,477,geeky
2566,114746,477,Post apocalyptic
2567,114746,477,remake
2568,446029,477,stylized
2569,446029,477,video games
2570,1401143,477,male nudity
2571,1104001,477,action choreography
2572,1104001,477,Horrid characterisation
2573,1104001,477,Poor plot development
2574,1104001,477,sequel
2575,1104001,477,soundtrack
2576,93058,477,anti-war
2577,94625,477,animation
2578,54215,477,remade
2579,54215,477,imdb top 250
2580,54215,477,black and white
2581,54215,477,Alfred Hitchcock
2582,114746,477,post-apocalyptic
2583,105236,477,Tarantino
2584,105236,477,Quentin Tarantino
2585,105236,477,neo-noir
2586,105236,477,humorous
2587,1375666,477,surreal
2588,103064,477,Scifi masterpiece
2589,83658,477,Philip K. Dick
2590,83658,477,mindfuck
2591,83658,477,future
2592,83658,477,cyberpunk
2593,83658,477,atmospheric
2594,83658,477,artificial intelligence
2595,83658,477,androids
2596,114746,477,twist ending
2597,114746,477,time travel
2598,105236,477,religion
2599,1375666,477,visually appealing
2600,246578,477,dreamlike
2601,1227926,477,joss whedon
2602,1155056,477,comedy
2603,1155056,477,bromantic
2604,1155056,477,bromance
2605,1155056,477,Andy Samberg
2606,1227926,477,parody
2607,1227926,477,Neil Patrick Harris
2608,1227926,477,Nathan Fillion
2609,279077,477,surreal
2610,111161,477,Morgan Freeman
2611,1155056,477,Jaime Pressly
2612,246578,477,hallucinatory
2613,47396,477,imdb top 250
2614,467406,477,notable soundtrack
2615,52357,477,James Stewart
2616,279077,477,stylish
2617,279077,477,cult film
2618,279077,477,2D animation
2619,910970,477,social commentary
2620,910970,477,Post apocalyptic
2621,376994,477,Hugh Jackman
2622,47396,477,James Stewart
2623,452637,477,bad
2624,1155056,477,Jason Segel
2625,1155056,477,Paul Rudd
2626,796366,477,lack of development
2627,217869,477,unique
2628,217869,477,mindfuck
2629,217869,477,father-son relationship
2630,480249,477,religion
2631,53125,477,Alfred Hitchcock
2632,780536,477,black comedy
2633,129167,477,animation
2634,467406,477,witty
2635,1155056,477,masculinity
2636,467406,477,teenage pregnancy
2637,467406,477,pregnancy
2638,47396,477,photography
2639,47396,477,photographer
2640,217869,477,atmospheric
2641,47396,477,mystery
2642,796366,477,future
2643,1182345,477,solitude
2644,1182345,477,Sci-fi
2645,1182345,477,2001-like
2646,217869,477,comics
2647,452637,477,disappointing
2648,452637,477,faerie tale
2649,452637,477,fairy tale
2650,119698,477,atmospheric
2651,119698,477,adventure
2652,829482,477,self discovery
2653,829482,477,shenanigans
2654,829482,477,virginity
2655,831888,477,anime
2656,480249,477,alone in the world
2657,480249,477,apocalypse
2658,480249,477,based on a book
2659,119698,477,fantasy world
2660,117438,477,GIVE ME BACK MY SON!
2661,117438,477,Mel Gibson
2662,480249,477,last man on earth
2663,480249,477,plot holes
2664,480249,477,Post apocalyptic
2665,52357,477,Alfred Hitchcock
2666,467406,477,Michael Cera
2667,317705,477,Samuel L. Jackson
2668,317705,477,animation
2669,480249,477,post-apocalyptic
2670,117438,477,It was melodramatic and kind of dumb
2671,119698,477,Studio Ghibli
2672,119698,477,surreal
2673,829482,477,nerds
2674,452637,477,far fetched
2675,452637,477,M. Night Shyamalan
2676,452637,477,Paul Giamatti
2677,443543,477,costume drama
2678,102926,477,disturbing
2679,102926,477,drama
2680,102926,477,gothic
2681,52357,477,imdb top 250
2682,52357,477,Atmospheric
2683,102926,477,psychology
2684,102926,477,suspense
2685,443543,477,Edward Norton
2686,443543,477,magic
2687,443543,477,Paul Giamatti
2688,851578,477,dreamlike
2689,457572,477,zombies
2690,829482,477,friendship
2691,829482,477,high school
2692,117500,477,Michael Bay
2693,117500,477,terrorism
2694,829482,477,Michael Cera
2695,796366,477,lack of story
2696,80684,477,classic
2697,480249,477,vampire
2698,120912,477,crappy sequel
2699,112431,477,villain nonexistent or not needed for good story
2700,188913,477,free to download
2701,188913,477,imagination
2702,188913,477,no dialogue
2703,188913,477,social commentary
2704,261983,477,mental hospital
2705,261983,477,psychology
2706,261983,477,suspense
2707,188913,477,dystopia
2708,261983,477,Well Done
2709,796366,477,sci-fi
2710,796366,477,quick cuts
2711,120912,477,sequel
2712,330793,477,comic book
2713,57012,477,black comedy
2714,438488,477,bad acting
2715,438488,477,bad plot
2716,438488,477,bad script
2717,120912,477,first was much better
2718,188913,477,creativity
2719,188913,477,claymation
2720,163651,477,teen
2721,438488,477,artificial intelligence
2722,796366,477,time travel
2723,796366,477,space travel
2724,796366,477,space
2725,94625,477,anime
2726,94625,477,visually stunning
2727,120844,477,cameo:Whoopi Goldberg
2728,120844,477,space opera
2729,120844,477,Star Trek
2730,142342,477,Adam Sandler
2731,796366,477,Simon Pegg
2732,163651,477,best comedy
2733,163651,477,Chris Klein
2734,163651,477,dumb
2735,163651,477,Jason Biggs
2736,57012,477,dark comedy
2737,163651,477,not funny
2738,163651,477,pizza beer
2739,163651,477,Seann William Scott
2740,438488,477,Christian Bale
2741,780536,477,irreverent
2742,57012,477,satire
2743,368447,477,good soundtrack
2744,368447,477,Atmospheric
2745,780536,477,dark comedy
2746,112508,477,stop looking at me swan
2747,43014,477,eerie
2748,80684,477,music
2749,780536,477,Ralph Fiennes
2750,780536,477,friendship
2751,80684,477,Harrison Ford
2752,80684,477,George Lucas
2753,845046,477,movies about movies
2754,780536,477,Colin Farrell
2755,53125,477,imdb top 250
2756,910970,477,last man on earth
2757,910970,477,love story
2758,780536,477,stylized
2759,112508,477,Adam Sandler
2760,780536,477,drugs
2761,360717,477,big budget
2762,370754,477,love
2763,376994,477,Halle Berry
2764,368447,477,M. Night Shyamalan
2765,80684,477,sequel
2766,80684,477,sci-fi
2767,80684,477,original plot
2768,2582802,487,passion
2769,2582802,487,suspense
2770,2582802,487,psychological
2771,2582802,506,music
2772,2582802,506,jazz
2773,2582802,506,tense
2774,1727587,509,animation
2775,1727587,509,fantasy
2776,1727587,509,adventure
2777,57012,513,Slim Pickens
2778,74119,513,Deep Throat
2779,57012,513,purity of essence
2780,765476,520,enjoyable
2781,86465,520,Dan Aykroyd
2782,109830,533,lieutenant dan
2783,109830,533,bubba gump shrimp
2784,109830,533,stupid is as stupid does
2785,108052,537,disturbing
2786,1645089,537,truth
2787,1645089,537,politics
2788,108052,537,biography
2789,1615147,537,business
2790,1615147,537,realistic
2791,1615147,537,corruption
2792,1615147,537,Kevin Spacey
2793,1615147,537,financial crisis
2794,1615147,537,suspense
2795,108052,537,holocaust
2796,2191701,537,Adam Sandler
2797,1024648,537,Thrilling
2798,1454468,537,cliche characters
2799,1454468,537,long shots
2800,1454468,537,predictable
2801,1454468,537,Simple
2802,1454468,537,visually appealing
2803,1535109,537,hostage
2804,1535109,537,ocean
2805,1535109,537,suspense
2806,1615147,537,big corporations
2807,1615147,537,bank
2808,848228,537,superhero team
2809,848228,537,superhero
2810,848228,537,silly
2811,1024648,537,politics
2812,1024648,537,cia
2813,1637725,537,crude humor
2814,848228,537,Captain America
2815,763831,537,interesting scenario
2816,1675434,537,sexuality
2817,1675434,537,emotional
2818,1615147,537,Wall Street
2819,108052,537,based on a true story
2820,1454468,537,slow action
2821,1375666,537,complicated
2822,1645089,537,economics
2823,765429,537,Denzel Washington
2824,765429,537,corruption
2825,332280,537,sad
2826,332280,537,romance
2827,332280,537,memory loss
2828,120586,537,edward norton
2829,120586,537,emotional
2830,120586,537,politics
2831,993846,537,Stock Market
2832,133093,537,philosophy
2833,133093,537,post apocalyptic
2834,499549,537,visually stunning
2835,499549,537,too long
2836,499549,537,thought-provoking
2837,1645089,537,investor corruption
2838,499549,537,romance
2839,499549,537,music
2840,499549,537,graphic design
2841,499549,537,beautiful scenery
2842,120338,537,romance
2843,1375666,537,thought-provoking
2844,1375666,537,suspense
2845,1375666,537,psychology
2846,1375666,537,psychological
2847,1375666,537,mindfuck
2848,1375666,537,intellectual
2849,1375666,537,heist
2850,1375666,537,great soundtrack
2851,1375666,537,big budget
2852,1375666,537,clever
2853,499549,537,politics
2854,264464,537,cheating
2855,765429,537,mafia
2856,264464,537,Leonardo DiCaprio
2857,1853728,537,Soundtrack
2858,1375666,537,dead wife
2859,1119646,537,casino
2860,1119646,537,comedy
2861,1119646,537,funny
2862,1119646,537,hotel
2863,993846,537,Wall Street
2864,1119646,537,Las Vegas
2865,840361,537,crime
2866,840361,537,FBI
2867,840361,537,romance
2868,840361,537,too much love interest
2869,1645089,537,business
2870,1645089,537,corruption
2871,887912,537,war
2872,180093,537,depressing
2873,1375666,537,philosophy
2874,200465,537,robbery
2875,264464,537,lies
2876,264464,537,smart
2877,264464,537,Tom Hanks
2878,180093,537,psychology
2879,119174,537,Mystery
2880,200465,537,small time criminals
2881,264464,537,intelligent
2882,200465,537,heist
2883,765429,537,organized crime
2884,264464,537,twists & turns
2885,1487118,543,Comedy
2886,848228,567,great humor
2887,2582802,567,inspiring
2888,2582802,567,inspirational
2889,848228,567,visually appealing
2890,2582802,567,intense
2891,848228,567,fun
2892,2125435,567,Beautiful
2893,1535109,567,tense
2894,2015381,567,funny
2895,2015381,567,Great Visuals
2896,2015381,567,humorous
2897,2015381,567,unlikely hero
2898,2737050,567,bittersweet
2899,208502,567,atmospheric
2900,208502,567,bizzare
2901,208502,567,eerie
2902,208502,567,symbolism
2903,2084970,567,inspirational
2904,2084970,567,intelligent
2905,1355638,567,philosophical
2906,1355638,567,trippy
2907,1109624,567,heartwarming
2908,2802144,567,slick
2909,1392190,567,beautiful
2910,1392190,567,cinematography
2911,1392190,567,visually appealing
2912,3501632,567,awesome
2913,3501632,567,humor
2914,3501632,567,quirky
2915,3501632,567,unconventional
2916,3501632,567,white guilt
2917,3896198,567,fun
2918,1211837,567,visually appealing
2919,1883180,567,depressing
2920,1883180,567,understated
2921,1605717,567,quirky
2922,1605717,567,mental illness
2923,1605717,567,introspection
2924,1605717,567,Eccentric
2925,2396224,567,surreal
2926,2396224,567,weird
2927,2084989,567,artistic
2928,2084989,567,artsy
2929,2084989,567,atmospheric
2930,2084989,567,Beautiful
2931,2084989,567,dreamlike
2932,2084989,567,existentialism
2933,2245195,567,quirky
2934,2370248,567,emotional
2935,2370248,567,feel-good
2936,2370248,567,heartwarming
2937,2370248,567,mental illness
2938,3659388,567,smart
2939,2370248,567,touching
2940,2042568,567,cinematography
2941,2042568,567,depressing
2942,2042568,567,funny
2943,1706620,567,fatalistic
2944,1490017,567,cheeky
2945,1490017,567,clever
2946,1490017,567,colorful
2947,1490017,567,feel-good
2948,1490017,567,fun
2949,1490017,567,imaginative
2950,1490017,567,quirky
2951,1605717,567,adorable
2952,1605717,567,black comedy
2953,2042568,567,atmospheric
2954,3472226,567,funny
2955,3472226,567,ridiculous
2956,3472226,567,silly
2957,3783958,567,Bittersweet
2958,3783958,567,visually appealing
2959,4116284,567,funny
2960,4116284,567,heartwarming
2961,3315342,567,dark
2962,3315342,567,emotional
2963,3315342,567,gritty
2964,3315342,567,heartbreaking
2965,3315342,567,predictible plot
2966,4695012,567,paranoia
2967,4695012,567,Suspenseful
2968,5013056,567,brilliant
2969,5013056,567,inspiring
2970,2543164,567,visually appealing
2971,5013056,567,tense
2972,1856101,567,beautiful
2973,1856101,567,cinematography
2974,1856101,567,dark
2975,1856101,567,dreamlike
2976,1856101,567,existentialism
2977,1856101,567,moody
2978,1856101,567,philosophical
2979,5109784,567,allegorical
2980,5109784,567,uncomfortable
2981,5109784,567,unsettling
2982,5580390,567,atmospheric
2983,5580390,567,dreamlike
2984,1485796,567,bad music
2985,1856101,567,atmospheric
2986,2396224,567,philosopical
2987,2543164,567,thought-provoking
2988,2543164,567,good cinematography
2989,1638355,567,slick
2990,1638355,567,stylish
2991,3397884,567,atmospheric
2992,3397884,567,tension
2993,3170832,567,moving
2994,3170832,567,touching
2995,1365050,567,Moving
2996,490215,567,contemplative
2997,490215,567,philosophical
2998,490215,567,thought-provoking
2999,490215,567,tragic
3000,1596363,567,funny
3001,1596363,567,interesting
3002,2543164,567,smart
3003,1596363,567,Witty
3004,4171032,567,surreal
3005,1179933,567,creepy
3006,1179933,567,suspense
3007,347840,567,nightmare
3008,2057392,567,suspense
3009,2057392,567,thought-provoking
3010,5247022,567,quirky
3011,5247022,567,sweet
3012,5247022,567,understated
3013,4160708,567,intense
3014,2543164,567,beautiful visuals
3015,2543164,567,Cerebral
3016,2543164,567,cinematography
3017,4171032,567,Existential
3018,2396224,567,moving
3019,1074638,567,cinematography
3020,1074638,567,beautifully filmed
3021,118694,567,longing
3022,118694,567,melancholic
3023,118694,567,melancholy
3024,118694,567,moody
3025,118694,567,nocturnal
3026,118694,567,romantic
3027,118694,567,Unique
3028,118694,567,visually appealing
3029,118694,567,visually stunning
3030,96251,567,"""artsy"""
3031,96251,567,atmospheric
3032,96251,567,gritty
3033,96251,567,hallucinatory
3034,118694,567,long takes
3035,96251,567,surreal
3036,290673,567,dark
3037,290673,567,disturbing
3038,91251,567,atmospheric
3039,91251,567,bleak
3040,91251,567,disturbing
3041,91251,567,gritty
3042,91251,567,harsh
3043,73650,567,bleak
3044,73650,567,confrontational
3045,73650,567,disturbing
3046,73650,567,harsh
3047,73650,567,haunting
3048,73650,567,inhumane
3049,96251,567,visually stunning
3050,73650,567,thought-provoking
3051,118694,567,loneliness
3052,118694,567,heartbreaking
3053,118789,567,avant-garde romantic comedy
3054,118789,567,elegiac
3055,118789,567,melancholy
3056,118789,567,quirky
3057,118789,567,wry
3058,78480,567,atmospheric
3059,78480,567,beautiful
3060,53198,567,emotional
3061,53198,567,gentle
3062,53198,567,heartwarming
3063,53198,567,lyrical
3064,53198,567,reflective
3065,28950,567,downbeat
3066,118694,567,intimate
3067,28950,567,poignant
3068,103905,567,crazy
3069,103905,567,dark
3070,103905,567,dark comedy
3071,103905,567,dark humor
3072,103905,567,serial killer
3073,71230,567,dark humor
3074,71230,567,easygoing
3075,71230,567,silly
3076,118694,567,atmospheric
3077,118694,567,Beautiful
3078,118694,567,bittersweet
3079,118694,567,dreamy
3080,118694,567,elegant
3081,103905,567,black comedy
3082,1535109,567,suspense
3083,29192,567,heartbreaking
3084,20530,567,mindfuck
3085,469494,567,visually appealing
3086,385586,567,abstract
3087,385586,567,dark
3088,385586,567,psychedelic
3089,385586,567,surreal
3090,824747,567,emotional
3091,978762,567,bittersweet
3092,978762,567,black comedy
3093,978762,567,character study
3094,978762,567,dark comedy
3095,978762,567,friendship
3096,978762,567,loneliness
3097,978762,567,mental illness
3098,469494,567,morality
3099,978762,567,philosophical
3100,978762,567,quirky
3101,978762,567,sad
3102,978762,567,sweet
3103,978762,567,touching
3104,1433540,567,surreal
3105,1433540,567,whimsical
3106,1285016,567,good dialogue
3107,1285016,567,loneliness
3108,1285016,567,witty
3109,1748122,567,quirky
3110,2125435,567,emotional
3111,2125435,567,poetic
3112,1074638,567,beautiful cinematography
3113,978762,567,poignant
3114,56119,567,post-apocalyptic
3115,469494,567,long shots
3116,469494,567,gritty
3117,20530,567,surreal
3118,20530,567,surrealism
3119,101420,567,boring
3120,101420,567,psychedelic
3121,101420,567,symbolic
3122,364569,567,bizarre
3123,364569,567,claustrophobic
3124,364569,567,depressing
3125,364569,567,disturbing
3126,364569,567,hallucinatory
3127,364569,567,paranoid
3128,364569,567,surreal
3129,364569,567,twisted
3130,469494,567,intense
3131,362270,567,heartwarming
3132,362270,567,quirky
3133,362270,567,trippy
3134,362270,567,visually appealing
3135,362270,567,whimsical
3136,98532,567,depression
3137,422720,567,cinematography
3138,422720,567,lyrical
3139,457430,567,atmospheric
3140,457430,567,bittersweet
3141,457430,567,visually appealing
3142,469494,567,atmospheric
3143,469494,567,cerebral
3144,469494,567,character study
3145,362270,567,off-beat comedy
3146,816692,567,bad dialogue
3147,338013,567,quirky romantic
3148,816692,567,thought-provoking
3149,300140,567,melancholy
3150,300140,567,sad
3151,114709,567,fun
3152,266543,567,heartwarming
3153,1049413,567,touching
3154,1049413,567,heartbreaking
3155,1049413,567,emotional
3156,300140,567,Depressing
3157,1049413,567,bittersweet
3158,382932,567,clever
3159,482571,567,enigmatic
3160,482571,567,atmospheric
3161,338013,567,thought-provoking
3162,338013,567,surrealism
3163,44741,567,meditative
3164,44741,567,philosophical
3165,816692,567,philosophical issues
3166,44741,567,poignant
3167,83658,567,atmospheric
3168,83658,567,existentialism
3169,95327,567,tragic
3170,138704,567,visually appealing
3171,138704,567,tense
3172,138704,567,surreal
3173,138704,567,paranoid
3174,138704,567,paranoia
3175,138704,567,insanity
3176,83658,567,dreamlike
3177,138704,567,hallucinatory
3178,138704,567,enigmatic
3179,138704,567,cerebral
3180,138704,567,atmospheric
3181,138704,567,artsy
3182,119217,567,inspirational
3183,119217,567,heartwarming
3184,83658,567,philosophical
3185,138704,567,existentialism
3186,95327,567,tragedy
3187,44741,567,purposefulness
3188,338013,567,romantic
3189,246578,567,thought-provoking
3190,246578,567,surreal
3191,246578,567,quirky
3192,246578,567,psychological
3193,246578,567,philosophy
3194,246578,567,mindfuck
3195,246578,567,mental illness
3196,246578,567,weird
3197,246578,567,hallucinatory
3198,246578,567,dreamlike
3199,246578,567,cerebral
3200,246578,567,atmospheric
3201,209144,567,dreamlike
3202,209144,567,cerebral
3203,808279,567,thought-provoking
3204,808279,567,intelligent
3205,246578,567,enigmatic
3206,338013,567,surreal
3207,338013,567,arthouse
3208,338013,567,atmospheric
3209,338013,567,quirky
3210,338013,567,philosophy
3211,338013,567,mind-bending
3212,338013,567,melancholy
3213,338013,567,lovely
3214,338013,567,intelligent
3215,338013,567,insightful
3216,338013,567,artistic
3217,338013,567,humane
3218,338013,567,feel-good
3219,338013,567,emotional
3220,338013,567,dreamlike
3221,338013,567,comedy
3222,338013,567,colourful
3223,338013,567,bittersweet
3224,338013,567,beautiful
3225,338013,567,happpiness
3226,95327,567,tear jerker
3227,95327,567,poignant
3228,95327,567,grim
3229,50083,567,claustrophobic
3230,118799,567,bittersweet
3231,118799,567,emotional
3232,118799,567,Heartwarming
3233,118799,567,poignant
3234,118799,567,sentimental
3235,118799,567,tear jerker
3236,50083,567,confrontational
3237,118799,567,tearjerking
3238,109830,567,touching
3239,109830,567,heartwarming
3240,109830,567,emotional
3241,109830,567,bittersweet
3242,74486,567,art house
3243,74486,567,Atmospheric
3244,74486,567,creepy
3245,97216,567,great cinematography
3246,74486,567,cryptic
3247,50083,567,earnest
3248,50083,567,great screenplay
3249,22100,567,oninous
3250,22100,567,mental illness
3251,22100,567,menacing
3252,22100,567,creepy
3253,22100,567,chilly
3254,22100,567,atmospheric
3255,50976,567,reflective
3256,50083,567,good dialogue
3257,50976,567,philosophical
3258,50976,567,cerebral
3259,50976,567,atmospheric
3260,119177,567,intelligent
3261,119177,567,thought-provoking
3262,50083,567,thought-provoking
3263,50083,567,Motivational
3264,50083,567,gritty
3265,50976,567,existentialism
3266,74486,567,dark
3267,74486,567,disturbing
3268,74486,567,dreamlike
3269,1375666,567,dreamlike
3270,1375666,567,cerebral
3271,272338,567,anger
3272,272338,567,awkward
3273,272338,567,bittersweet
3274,272338,567,hallucinatory
3275,272338,567,quirky
3276,1375666,567,philosophy
3277,272338,567,sad
3278,272338,567,symbolism
3279,272338,567,tense
3280,272338,567,unconventional
3281,272338,567,unique
3282,272338,567,wistful
3283,95327,567,beautiful
3284,95327,567,downbeat
3285,272338,567,surreal
3286,1375666,567,thought-provoking
3287,57012,567,black comedy
3288,57012,567,dark comedy
3289,74486,567,enigmatic
3290,74486,567,fucked up
3291,74486,567,gruesome
3292,74486,567,hallucinatory
3293,74486,567,Insane
3294,74486,567,paranoid
3295,74486,567,strange
3296,74486,567,surreal
3297,74486,567,weird
3298,111507,567,cynical
3299,217869,567,atmospheric
3300,217869,567,somber
3301,115734,567,quirky
3302,115734,567,off-beat comedy
3303,468569,567,gritty
3304,468569,567,dark
3305,57012,567,Quirky
3306,808279,567,dark humor
3307,808279,567,dark
3308,382932,567,inspirational
3309,4154756,567,Dark
3310,816692,567,visually appealing
3311,1663202,567,Visually Striking
3312,1663202,567,visually appealing
3313,1663202,567,cinematography
3314,4154756,567,Visually stunning
3315,4154756,567,emotional
3316,4154756,567,Visually appealing
3317,4154756,567,Sad
3318,109068,573,Comedy
3319,110066,573,Sinbad
3320,110066,573,bad
3321,106387,573,Not Seen
3322,315327,573,classic
3323,77869,573,classic
3324,227445,573,boring
3325,129290,573,bad
3326,108162,573,bad
3327,117107,573,bad
3328,317248,573,not seen
3329,120184,573,good
3330,435670,573,interesting
3331,435670,573,HORRIBLE ACTING
3332,405422,573,steve carell
3333,405422,573,hilarious
3334,115857,573,seen at the cinema
3335,405422,573,classic
3336,405422,573,BEST PICTURE
3337,287978,573,Ben Affleck
3338,287978,573,bad
3339,245844,573,remake
3340,187738,573,Great movie
3341,120744,573,seen more than once
3342,187738,573,Wesley Snipes
3343,58461,573,bad
3344,242423,573,bad
3345,46534,573,classic
3346,251075,573,Seann William Scott
3347,173840,573,sci-fi
3348,251075,573,really bad
3349,110912,599,comedy
3350,110912,599,black humour
3351,110912,599,classic movie
3352,110912,599,classic
3353,110912,599,characters
3354,110912,599,character development
3355,110912,599,casual violence
3356,110912,599,brutality
3357,110912,599,bruce willis
3358,110912,599,bloody
3359,110912,599,blood splatters
3360,110912,599,blood
3361,110912,599,coke
3362,62622,599,futuristic
3363,110912,599,Black comedy
3364,110912,599,conversation
3365,62622,599,future
3366,62622,599,Dull
3367,62622,599,cult film
3368,62622,599,confusing ending
3369,62622,599,computer
3370,110912,599,black humor
3371,62622,599,classic
3372,62622,599,atmospheric
3373,62622,599,artificial intelligence
3374,62622,599,Arthur C. Clarke
3375,62622,599,apes
3376,62622,599,aliens
3377,110912,599,big name actors
3378,62622,599,cinematography
3379,110912,599,cool
3380,110912,599,satire
3381,110912,599,crime
3382,137523,599,twist
3383,137523,599,thought-provoking
3384,137523,599,TERRORISM
3385,137523,599,surreal
3386,137523,599,stylized
3387,137523,599,societal criticism
3388,137523,599,twist ending
3389,137523,599,social commentary
3390,137523,599,satirical
3391,137523,599,quirky
3392,137523,599,psychology
3393,137523,599,psychological thriller
3394,110912,599,sarcasm
3395,137523,599,powerful ending
3396,137523,599,schizophrenia
3397,137523,599,violence
3398,137523,599,violent
3399,62622,599,imdb top 250
3400,110912,599,crime scene scrubbing
3401,110912,599,cult
3402,110912,599,cult classic
3403,110912,599,cult film
3404,110912,599,dance
3405,110912,599,dancing
3406,110912,599,dark
3407,110912,599,dark comedy
3408,110912,599,dark humor
3409,110912,599,dialogue
3410,110912,599,different
3411,110912,599,diner
3412,110912,599,disjointed timeline
3413,110912,599,disturbing
3414,110912,599,drama
3415,110912,599,cool style
3416,62622,599,masterpiece
3417,62622,599,Stanley Kubrick
3418,62622,599,music
3419,118715,599,John Goodman
3420,118715,599,Julianne Moore
3421,118715,599,kidnapping
3422,118715,599,marijuana
3423,118715,599,Nudity (Full Frontal)
3424,118715,599,off-beat comedy
3425,118715,599,Jeff Bridges
3426,118715,599,Philip Seymour Hoffman
3427,118715,599,ransom
3428,118715,599,rug
3429,118715,599,sarcasm
3430,118715,599,satirical
3431,118715,599,Steve Buscemi
3432,118715,599,violence
3433,118715,599,quirky
3434,118715,599,imdb top 250
3435,118715,599,Highly quotable
3436,118715,599,great soundtrack
3437,110912,599,1990s
3438,110912,599,achronological
3439,118715,599,black comedy
3440,118715,599,bowling
3441,118715,599,classic
3442,118715,599,coen brothers
3443,118715,599,comedy
3444,118715,599,crime
3445,118715,599,Cult classic
3446,118715,599,cult film
3447,118715,599,dark comedy
3448,118715,599,deadpan
3449,118715,599,drugs
3450,118715,599,funny
3451,118715,599,great dialogue
3452,110912,599,action
3453,62622,599,meditative
3454,110912,599,action packed
3455,110912,599,amazing
3456,62622,599,space travel
3457,62622,599,space
3458,62622,599,soundtrack
3459,62622,599,slow paced
3460,62622,599,slow
3461,62622,599,setting:space/space ship
3462,62622,599,spacecraft
3463,62622,599,sci-fi
3464,62622,599,revolutionary
3465,62622,599,relaxing
3466,62622,599,philosophical
3467,62622,599,overrated
3468,62622,599,Oscar (Best Effects - Visual Effects)
3469,62622,599,mystery
3470,62622,599,robots
3471,137523,599,postmodern
3472,62622,599,superb soundtrack
3473,62622,599,surreal
3474,110912,599,amazing dialogues
3475,110912,599,anthology
3476,110912,599,assassin
3477,110912,599,atmospheric
3478,110912,599,AWESOME
3479,110912,599,bad ass
3480,110912,599,bad language
3481,110912,599,bad-ass
3482,110912,599,bible
3483,110912,599,biblical references
3484,110912,599,big boys with guns
3485,62622,599,visually appealing
3486,62622,599,visual
3487,62622,599,tedious
3488,62622,599,technology
3489,110912,599,aggressive
3490,137523,599,philosophy
3491,137523,599,psychological
3492,137523,599,Palahnuik
3493,110912,599,r:strong language
3494,110912,599,r:sustained strong stylized violence
3495,110912,599,r:violence
3496,110912,599,random
3497,110912,599,rape
3498,110413,599,unique
3499,110413,599,touching
3500,110413,599,tense
3501,110912,599,r:strong bloody violence
3502,110413,599,sniper
3503,110413,599,police corruption
3504,110413,599,police
3505,110413,599,organized crime
3506,110413,599,Natalie Portman
3507,110413,599,Luc Besson
3508,110413,599,love story
3509,110413,599,loneliness
3510,110413,599,Lolita theme
3511,110413,599,quirky
3512,110912,599,r:some violence
3513,110912,599,r:graphic sexuality
3514,110912,599,r:disturbing violent images
3515,110912,599,nonlinear storyline
3516,110912,599,nonlinear timeline
3517,110912,599,notable soundtrack
3518,137523,599,philosophical
3519,110912,599,organised crime
3520,110912,599,organized crime
3521,110912,599,original
3522,110912,599,original plot
3523,110912,599,out of order
3524,110912,599,Palme d'Or
3525,110912,599,parody
3526,110912,599,philosophical
3527,110912,599,pop culture references
3528,110912,599,psychological
3529,110912,599,pulp
3530,110912,599,Quentin Tarantino
3531,110912,599,quirky
3532,110912,599,Quotable
3533,110912,599,r:disturbing violent content including rape
3534,110413,599,Jean Reno
3535,110413,599,imdb top 250
3536,110413,599,humorous
3537,110413,599,hitman
3538,110912,599,unusual
3539,110912,599,unpredictable
3540,110912,599,unique
3541,110912,599,Uma Thurman
3542,110912,599,twist ending
3543,110912,599,travolta
3544,110912,599,thriller
3545,110912,599,thought-provoking
3546,110912,599,Tarantino
3547,110912,599,suspense
3548,110912,599,stylized
3549,110912,599,stylish
3550,110912,599,storytelling
3551,110912,599,Steve Buscemi
3552,110912,599,splatter
3553,110912,599,soundtrack
3554,110912,599,sophisticated
3555,110912,599,smart writing
3556,110912,599,sexy
3557,110912,599,very funny
3558,110912,599,nonlinear narrative
3559,110912,599,violence
3560,110912,599,witty
3561,110413,599,hit men
3562,110413,599,Guns
3563,110413,599,great acting
3564,110413,599,Gary Oldman
3565,110413,599,friendship
3566,110413,599,French
3567,110413,599,drama
3568,110413,599,disturbing
3569,110413,599,crime
3570,110413,599,corruption
3571,110413,599,awkward romance
3572,110413,599,assassins
3573,110413,599,assassination
3574,110413,599,assassin
3575,110413,599,Action
3576,110912,599,retro
3577,110912,599,Roger Avary
3578,110912,599,royal with cheese
3579,110912,599,Samuel L. Jackson
3580,110912,599,violent
3581,110912,599,nonlinear
3582,110912,599,offensive
3583,110912,599,non-linear
3584,137523,599,Brad Pitt
3585,110912,599,drug overdose
3586,110912,599,drugs
3587,110912,599,drugs & music
3588,110912,599,ensemble cast
3589,110912,599,entertaining
3590,110912,599,entirely dialogue
3591,110912,599,episodic
3592,110912,599,exciting
3593,110912,599,fast paced
3594,110912,599,fast-paced
3595,110912,599,film noir
3596,110912,599,film-noir
3597,137523,599,based on a book
3598,137523,599,atmospheric
3599,137523,599,action
3600,110912,599,non-linear timeline
3601,110912,599,fun
3602,110912,599,funny
3603,137523,599,challenging
3604,110912,599,gangster
3605,137523,599,Chuck Palahniuk
3606,137523,599,clever
3607,137523,599,Nudity (Topless)
3608,137523,599,narrated
3609,137523,599,mindfuck
3610,137523,599,mind-blowing
3611,137523,599,mental illness
3612,137523,599,imdb top 250
3613,137523,599,imaginary friend
3614,137523,599,helena bonham carter
3615,137523,599,great acting
3616,137523,599,fighting
3617,137523,599,Edward Norton
3618,137523,599,double life
3619,137523,599,disturbing
3620,137523,599,David Fincher
3621,137523,599,dark comedy
3622,137523,599,dark
3623,137523,599,crime
3624,137523,599,consumerism
3625,137523,599,complicated
3626,137523,599,classic
3627,110912,599,gangsters
3628,110912,599,foul language
3629,110912,599,golden watch
3630,110912,599,genius
3631,110912,599,interwoven storylines
3632,110912,599,ironic
3633,110912,599,irony
3634,110912,599,John Travolta
3635,110912,599,killer-as-protagonist
3636,110912,599,los angeles
3637,110912,599,Mafia
3638,110912,599,masterpiece
3639,110912,599,meaningless violence
3640,110912,599,milkshake
3641,110912,599,mobster
3642,110912,599,mobsters
3643,110912,599,monologue
3644,110912,599,motherfucker
3645,110912,599,multiple stories
3646,110912,599,multiple storylines
3647,110912,599,neo-noir
3648,110912,599,noir
3649,110912,599,interesting
3650,110912,599,intense
3651,110912,599,intertwining storylines
3652,110912,599,intellectual
3653,110912,599,good dialogue
3654,110912,599,good music
3655,110912,599,gore
3656,110912,599,great acting
3657,110912,599,great dialogue
3658,110912,599,great soundtrack
3659,110912,599,gritty
3660,110912,599,intelligent
3661,110912,599,Harvey Keitel
3662,110912,599,heroin
3663,110912,599,guns
3664,110912,599,hit men
3665,110912,599,hitman
3666,110912,599,homosexuality
3667,110912,599,humour
3668,110912,599,iconic
3669,110912,599,imdb top 250
3670,110912,599,innovative
3671,110912,599,Highly quotable
3672,109836,600,gothic
3673,326977,606,for katie
3674,63611,606,austere
3675,172495,606,Romans
3676,117631,606,music
3677,57590,606,British
3678,86361,606,70mm
3679,84422,606,World War II
3680,104684,610,gun fu
3681,4425200,610,Heroic Bloodshed
3682,104684,610,heroic bloodshed
